trial_id,scenario,path_len_m,obstacles_seen,grasp_attempts,doors_opened,avg_speed,room_type,task_duration_sec,reachable_object,success,action_count_total,move_actions,rotate_actions,open_actions,pickup_actions,put_actions,collision_count,cupboard_open_init,clutter_level,distractors_level,strategy_hint
1,S1_core,6.0,8,1,1,2.021213234172329,kitchen,2.968514107546377,1,1,44,24,17,1,1,1,0,1,0.25,0.1,direct
2,S1_core,4.75,11,1,1,1.3508535098227077,kitchen,3.516295412833781,1,1,41,19,19,1,1,1,1,0,0.25,0.1,direct
3,S1_core,8.25,6,2,1,1.593096581118664,kitchen,5.178593751175395,1,0,66,33,29,1,2,1,1,1,0.25,0.1,direct
4,S1_core,5.25,8,1,1,1.6661294415106007,kitchen,3.1510156829352187,1,0,43,21,19,1,1,1,0,0,0.25,0.1,detour
5,S1_core,4.75,2,5,0,1.3908430079070409,kitchen,3.4151949378872484,0,0,38,19,14,0,5,0,1,1,0.25,0.1,detour
6,S1_core,7.0,3,2,2,1.743713482087105,kitchen,4.014420988258623,1,0,56,28,22,2,2,2,1,0,0.25,0.1,cautious
7,S1_core,5.0,7,3,1,1.4508135856864484,kitchen,3.446342141629632,1,1,39,20,14,1,3,1,3,0,0.25,0.1,cautious
8,S1_core,7.0,2,2,0,1.877214829343596,kitchen,3.728928565116696,0,0,55,28,25,0,2,0,0,0,0.25,0.1,direct
9,S1_core,3.75,5,1,1,1.5320139731514937,kitchen,2.4477583531995504,1,1,36,15,18,1,1,1,0,1,0.25,0.1,detour
10,S1_core,4.25,5,2,1,1.6350649250952929,kitchen,2.5992851627908946,1,0,34,17,12,1,2,2,1,0,0.25,0.1,direct
11,S1_core,2.0,5,3,1,0.954519397743158,kitchen,2.0952952917758934,1,1,19,8,6,1,3,1,0,0,0.25,0.1,direct
12,S1_core,6.0,9,3,1,1.541195500775579,kitchen,3.893081699875588,1,1,48,24,18,1,3,2,1,0,0.25,0.1,detour
13,S1_core,5.0,5,1,2,1.9419980338184912,kitchen,2.5746679002391435,1,1,37,20,10,2,1,4,1,0,0.25,0.1,cautious
14,S1_core,5.5,7,4,1,1.6015016398516173,kitchen,3.434276845641936,1,1,49,22,21,1,4,1,1,0,0.25,0.1,direct
15,S1_core,3.25,7,1,0,1.1195174287201353,kitchen,2.903036537551268,1,1,35,13,19,0,1,2,2,1,0.25,0.1,direct
16,S1_core,6.75,10,2,2,1.3525199765625089,kitchen,4.990684142910357,1,0,55,27,23,2,2,1,1,1,0.25,0.1,direct
17,S1_core,5.25,10,2,0,1.42860049240009,kitchen,3.6749252348218415,1,1,45,21,19,0,2,3,1,0,0.25,0.1,direct
18,S1_core,5.5,7,2,1,1.6055955430514028,kitchen,3.4255202213300606,1,0,43,22,16,1,2,2,0,1,0.25,0.1,detour
19,S1_core,4.0,4,3,1,1.4282403873996132,kitchen,2.800648991086697,0,0,33,16,13,1,3,0,1,0,0.25,0.1,direct
20,S1_core,6.25,5,3,1,1.7009245827619943,kitchen,3.674472144938448,1,1,49,25,17,1,3,3,3,1,0.25,0.1,direct
21,S1_core,5.5,6,5,0,1.5305747910395815,kitchen,3.593421263827523,1,0,43,22,14,0,5,2,1,1,0.25,0.1,cautious
22,S1_core,4.5,5,2,1,1.9382497230797289,kitchen,2.32168226127738,1,1,33,18,11,1,2,1,0,1,0.25,0.1,direct
23,S1_core,3.75,5,6,0,1.3919598414387564,kitchen,2.6940432391525952,0,0,28,15,7,0,6,0,0,1,0.25,0.1,direct
24,S1_core,4.25,7,2,1,1.436862219509926,kitchen,2.9578340513744994,1,1,39,17,15,1,2,4,1,0,0.25,0.1,direct
25,S1_core,3.25,4,2,1,1.2024312493855993,kitchen,2.702857233343393,1,0,32,13,15,1,2,1,0,0,0.25,0.1,direct
26,S1_core,3.75,8,3,2,1.136460527265307,kitchen,3.2997186528103333,1,1,42,15,21,2,3,1,0,0,0.25,0.1,direct
27,S1_core,4.5,4,3,1,1.4137412351160632,kitchen,3.183043606725219,1,1,38,18,15,1,3,1,2,1,0.25,0.1,direct
28,S1_core,5.0,5,2,0,1.5314951333455569,kitchen,3.264783472786806,1,0,37,20,11,0,2,4,2,0,0.25,0.1,direct
29,S1_core,3.75,8,6,0,1.379043521592662,kitchen,2.719276035370597,0,0,32,15,11,0,6,0,0,1,0.25,0.1,detour
30,S1_core,6.5,7,1,1,1.5832172593031912,kitchen,4.1055641364475735,1,0,53,26,24,1,1,1,0,1,0.25,0.1,direct
31,S1_core,3.25,8,6,1,0.911051422842839,kitchen,3.5673068704055373,0,0,33,13,13,1,6,0,1,1,0.25,0.1,direct
32,S1_core,3.0,8,1,0,1.470148338536338,kitchen,2.040610407373425,1,0,19,12,4,0,1,2,2,1,0.25,0.1,detour
33,S1_core,6.0,5,6,0,1.4240132423399174,kitchen,4.213443963583435,0,0,48,24,18,0,6,0,2,0,0.25,0.1,detour
34,S1_core,5.0,4,1,1,1.4877680090690324,kitchen,3.3607390194716844,1,1,42,20,19,1,1,1,0,0,0.25,0.1,detour
35,S1_core,5.25,5,1,2,1.7689541285494332,kitchen,2.96785536451704,1,0,36,21,9,2,1,3,1,0,0.25,0.1,direct
36,S1_core,8.5,17,1,2,1.5112111411761802,kitchen,5.62462767008482,1,1,70,34,32,2,1,1,2,0,0.25,0.1,detour
37,S1_core,8.0,10,1,1,1.4633883440681346,kitchen,5.466764876478696,1,1,65,32,30,1,1,1,3,0,0.25,0.1,lost
38,S1_core,3.5,8,3,2,1.332775455771993,kitchen,2.626098781187916,1,1,32,14,12,2,3,1,0,0,0.25,0.1,direct
39,S1_core,4.75,6,1,1,2.1115828212677905,kitchen,2.2494973685891746,1,1,36,19,14,1,1,1,0,1,0.25,0.1,direct
40,S1_core,4.0,3,1,1,1.7210190833038834,kitchen,2.324204326846336,1,0,30,16,11,1,1,1,0,0,0.25,0.1,direct
41,S1_core,7.25,7,2,1,1.624767107642157,kitchen,4.462177973630396,1,1,48,29,15,1,2,1,0,0,0.25,0.1,cautious
42,S1_core,5.5,10,3,0,1.8429341516700688,kitchen,2.984371413930277,0,0,36,22,11,0,3,0,0,0,0.25,0.1,detour
43,S1_core,5.75,10,6,0,1.216345032769094,kitchen,4.727277084290569,0,0,56,23,27,0,6,0,0,0,0.25,0.1,detour
44,S1_core,6.0,5,2,0,1.950354854243638,kitchen,3.076363250997647,1,0,45,24,17,0,2,2,0,0,0.25,0.1,detour
45,S1_core,5.0,5,2,1,1.583979672309947,kitchen,3.1566061657271187,1,1,38,20,14,1,2,1,0,1,0.25,0.1,cautious
46,S1_core,4.5,4,1,1,1.9706097492501689,kitchen,2.283557158748597,1,1,37,18,14,1,1,3,1,0,0.25,0.1,detour
47,S1_core,2.75,7,1,1,1.2089101891648375,kitchen,2.27477609556737,1,1,25,11,11,1,1,1,0,1,0.25,0.1,direct
48,S1_core,7.0,7,1,0,0.528115075993685,kitchen,13.254686938881674,1,1,50,28,20,0,1,1,3,0,0.25,0.1,lost
49,S1_core,4.5,1,1,1,1.6519755383170105,kitchen,2.7240112796007154,1,1,36,18,15,1,1,1,1,0,0.25,0.1,cautious
50,S1_core,3.0,13,1,1,1.110750776703368,kitchen,2.700875896664951,1,0,31,12,13,1,1,4,0,0,0.25,0.1,detour
51,S1_core,3.75,6,5,1,1.3018749836023038,kitchen,2.880460910020488,0,0,32,15,11,1,5,0,1,0,0.25,0.1,cautious
52,S1_core,3.25,7,2,0,1.370523772263479,kitchen,2.371356167454494,1,1,25,13,9,0,2,1,1,0,0.25,0.1,direct
53,S1_core,4.75,10,3,1,1.3794910830322398,kitchen,3.4432988066578094,1,0,37,19,11,1,3,3,0,0,0.25,0.1,direct
54,S1_core,2.5,4,2,2,1.3822109209605744,kitchen,1.8086964602063864,1,1,28,10,13,2,2,1,0,0,0.25,0.1,direct
55,S1_core,3.25,8,2,1,1.3704382687162942,kitchen,2.371504119659701,1,1,23,13,5,1,2,2,2,1,0.25,0.1,direct
56,S1_core,4.0,5,3,1,1.6036713407632557,kitchen,2.494276662758237,1,1,37,16,15,1,3,2,0,1,0.25,0.1,direct
57,S1_core,5.0,3,3,1,1.463585502524709,kitchen,3.416267783040292,0,0,34,20,10,1,3,0,1,0,0.25,0.1,direct
58,S1_core,5.0,5,1,0,1.846539936871716,kitchen,2.7077670513158054,1,1,38,20,16,0,1,1,0,0,0.25,0.1,lost
59,S1_core,5.0,6,1,1,1.7127152887755872,kitchen,2.9193410211071797,1,0,42,20,19,1,1,1,0,0,0.25,0.1,direct
60,S1_core,6.25,5,2,0,1.9138089717684617,kitchen,3.265738687714828,1,0,46,25,18,0,2,1,0,0,0.25,0.1,direct
61,S1_core,2.25,1,2,1,0.9721980949277056,kitchen,2.314343148519864,1,1,27,9,14,1,2,1,0,1,0.25,0.1,cautious
62,S1_core,7.25,9,6,1,1.4532969584262154,kitchen,4.988656969220572,0,0,60,29,24,1,6,0,1,0,0.25,0.1,direct
63,S1_core,4.75,6,1,0,1.6743383285765665,kitchen,2.83694156606819,1,1,36,19,15,0,1,1,1,1,0.25,0.1,detour
64,S1_core,6.25,5,3,1,1.7451959192136888,kitchen,3.581259806529908,0,0,46,25,17,1,3,0,1,0,0.25,0.1,detour
65,S1_core,6.0,7,1,2,1.450611983331801,kitchen,4.136185326567518,1,0,53,24,22,2,1,4,0,0,0.25,0.1,direct
66,S1_core,4.0,4,2,1,1.6382618644563882,kitchen,2.4416121053561173,1,1,32,16,11,1,2,2,1,1,0.25,0.1,cautious
67,S1_core,3.75,4,1,0,2.608136124861108,kitchen,1.4378083890079552,1,1,28,15,11,0,1,1,0,0,0.25,0.1,direct
68,S1_core,5.5,7,6,1,1.248471034258354,kitchen,4.405388550537929,0,0,49,22,20,1,6,0,3,1,0.25,0.1,lost
69,S1_core,4.75,8,5,1,1.441340707566827,kitchen,3.2955428061270995,0,0,38,19,13,1,5,0,0,0,0.25,0.1,detour
70,S1_core,4.5,9,2,1,1.3792824605336318,kitchen,3.262565956402426,1,1,39,18,16,1,2,2,2,0,0.25,0.1,direct
71,S2_sink,5.25,1,2,2,0.4068915532368264,kitchen,12.902700875051837,1,1,48,21,20,2,2,3,7,0,0.2,0.1,direct
72,S2_sink,4.5,7,3,1,1.4469069153391938,kitchen,3.1100825853369285,1,1,38,18,15,1,3,1,2,0,0.2,0.1,lost
73,S2_sink,2.75,7,2,1,1.4291877403483038,kitchen,1.9241698780104315,1,1,22,11,7,1,2,1,0,0,0.2,0.1,detour
74,S2_sink,3.0,2,4,1,1.598368007702765,kitchen,1.8769144436966765,0,0,25,12,8,1,4,0,2,0,0.2,0.1,detour
75,S2_sink,3.75,6,1,0,2.0491232413510554,kitchen,1.8300509819641204,1,1,21,15,4,0,1,1,0,0,0.2,0.1,direct
76,S2_sink,2.75,7,1,1,1.903162191639868,kitchen,1.44496355175617,1,0,24,11,10,1,1,1,0,1,0.2,0.1,detour
77,S2_sink,9.25,12,1,1,1.4729091508775711,kitchen,6.280088622226819,1,0,77,37,34,1,1,4,1,0,0.2,0.1,direct
78,S2_sink,3.5,7,3,1,1.4682021859922914,kitchen,2.3838678578417376,1,0,30,14,10,1,3,2,0,0,0.2,0.1,direct
79,S2_sink,3.0,5,1,0,1.6143663479014505,kitchen,1.8583142567978852,1,1,21,12,6,0,1,2,0,1,0.2,0.1,detour
80,S2_sink,4.5,7,1,1,1.9440243667301955,kitchen,2.314785800534433,1,1,33,18,12,1,1,1,0,1,0.2,0.1,detour
81,S2_sink,2.5,9,2,1,1.1669995588820885,kitchen,2.1422458825904283,1,1,30,10,16,1,2,1,0,1,0.2,0.1,detour
82,S2_sink,6.0,11,2,1,1.537774025405502,kitchen,3.90174362479418,1,0,53,24,25,1,2,1,1,0,0.2,0.1,direct
83,S2_sink,3.0,3,1,1,2.447768824390116,kitchen,1.2256059355390627,1,1,20,12,5,1,1,1,0,0,0.2,0.1,direct
84,S2_sink,3.75,6,1,1,1.4098084645721152,kitchen,2.659935795702678,1,1,35,15,17,1,1,1,0,0,0.2,0.1,direct
85,S2_sink,3.25,7,1,1,1.2532620637640104,kitchen,2.593232568006603,1,1,29,13,13,1,1,1,0,0,0.2,0.1,direct
86,S2_sink,4.25,2,3,1,1.694833749696165,kitchen,2.507620585654436,0,0,33,17,12,1,3,0,0,0,0.2,0.1,detour
87,S2_sink,2.75,5,1,1,1.3732904426385757,kitchen,2.002489724399654,1,0,25,11,8,1,1,4,0,0,0.2,0.1,direct
88,S2_sink,3.5,9,3,1,1.0243741074329868,kitchen,3.416720487762783,1,0,35,14,14,1,3,3,0,0,0.2,0.1,lost
89,S2_sink,3.25,3,4,1,1.2166324613044126,kitchen,2.67130797785513,1,0,37,13,16,1,4,3,0,0,0.2,0.1,cautious
90,S2_sink,4.25,8,5,1,1.2035100297752592,kitchen,3.531337417099578,0,0,37,17,14,1,5,0,2,0,0.2,0.1,direct
91,S2_sink,4.0,9,3,1,1.622300471416401,kitchen,2.465634492793849,1,1,30,16,9,1,3,1,1,0,0.2,0.1,direct
92,S2_sink,7.25,3,4,0,1.6887298674658466,kitchen,4.293167391466549,1,1,56,29,22,0,4,1,2,0,0.2,0.1,direct
93,S2_sink,5.75,6,1,1,1.7591751313799484,kitchen,3.268577356189393,1,0,45,23,19,1,1,1,1,1,0.2,0.1,direct
94,S2_sink,5.75,7,1,1,1.9696632886134704,kitchen,2.9192806878416606,1,0,52,23,26,1,1,1,0,0,0.2,0.1,cautious
95,S2_sink,2.25,3,1,1,2.154761274245423,kitchen,1.0441992005763745,1,0,14,9,2,1,1,1,0,1,0.2,0.1,direct
96,S2_sink,4.5,5,2,1,1.6464411687580074,kitchen,2.7331678078692447,1,1,41,18,18,1,2,2,1,0,0.2,0.1,direct
97,S2_sink,6.25,3,2,1,1.6964414781070072,kitchen,3.6841824965127183,1,1,53,25,24,1,2,1,0,0,0.2,0.1,direct
98,S2_sink,3.25,5,1,1,1.3054474081906484,kitchen,2.4895679286724417,1,1,33,13,17,1,1,1,1,0,0.2,0.1,detour
99,S2_sink,3.0,3,1,1,1.4738425258252326,kitchen,2.0354956160056807,1,0,26,12,8,1,1,4,0,0,0.2,0.1,direct
100,S2_sink,3.25,5,2,1,1.5185933097181517,kitchen,2.140138494751564,1,1,29,13,12,1,2,1,1,0,0.2,0.1,lost
101,S2_sink,1.25,3,2,1,0.9330101368726446,kitchen,1.3397496453681343,1,1,21,5,12,1,2,1,0,0,0.2,0.1,direct
102,S2_sink,3.75,8,1,0,1.7466892725327516,kitchen,2.146918778840605,1,1,27,15,10,0,1,1,1,1,0.2,0.1,detour
103,S2_sink,4.5,9,2,0,1.5534356424005265,kitchen,2.896804912398008,1,1,41,18,20,0,2,1,0,0,0.2,0.1,cautious
104,S2_sink,4.5,8,2,0,1.4783264268095095,kitchen,3.043982653893158,1,1,37,18,16,0,2,1,1,0,0.2,0.1,cautious
105,S2_sink,7.25,9,6,1,1.4230739144637663,kitchen,5.094605365408514,0,0,61,29,25,1,6,0,0,0,0.2,0.1,detour
106,S2_sink,3.25,2,3,0,1.5909723489406578,kitchen,2.042775917610384,1,0,29,13,10,0,3,3,0,0,0.2,0.1,lost
107,S2_sink,6.0,6,5,2,1.745531834969941,kitchen,3.437347792687679,0,0,48,24,17,2,5,0,0,0,0.2,0.1,detour
108,S2_sink,4.5,10,3,1,2.12882873690371,kitchen,2.1138384323696497,1,1,32,18,9,1,3,1,1,0,0.2,0.1,lost
109,S2_sink,3.0,2,6,0,1.080470283999838,kitchen,2.776568726068222,0,0,34,12,16,0,6,0,0,0,0.2,0.1,direct
110,S2_sink,3.75,5,6,1,1.3868525222301191,kitchen,2.703964509485,0,0,36,15,14,1,6,0,0,0,0.2,0.1,detour
111,S2_sink,3.25,6,3,1,1.6655868404376653,kitchen,1.9512642157679387,1,0,23,13,5,1,3,1,0,0,0.2,0.1,detour
112,S2_sink,5.0,8,1,2,1.7688222571346106,kitchen,2.8267396454518328,1,0,37,20,13,2,1,1,1,0,0.2,0.1,direct
113,S2_sink,2.0,5,1,1,1.2809159529127747,kitchen,1.5613826929487793,1,1,19,8,8,1,1,1,1,1,0.2,0.1,direct
114,S2_sink,3.25,5,1,1,1.572853142089791,kitchen,2.0663086165068445,1,1,30,13,13,1,1,2,0,0,0.2,0.1,cautious
115,S2_sink,3.0,3,1,0,1.2607976149033735,kitchen,2.379446125641598,1,1,26,12,11,0,1,2,1,0,0.2,0.1,direct
116,S2_sink,5.25,14,2,1,1.3869177391700585,kitchen,3.7853723056002138,1,1,47,21,22,1,2,1,0,0,0.2,0.1,direct
117,S2_sink,4.75,4,4,0,1.6516920828561434,kitchen,2.875838692515976,0,0,33,19,10,0,4,0,1,0,0.2,0.1,detour
118,S2_sink,2.75,6,2,1,1.1353241731519372,kitchen,2.422215667587988,1,0,25,11,10,1,2,1,1,0,0.2,0.1,direct
119,S2_sink,2.75,8,1,0,0.1810114744888832,kitchen,15.192407043614743,1,1,25,11,12,0,1,1,6,0,0.2,0.1,direct
120,S2_sink,6.5,7,1,1,1.7086708171653475,kitchen,3.8041265378332954,1,1,47,26,18,1,1,1,1,0,0.2,0.1,direct
121,S2_sink,5.0,8,2,3,1.6133429890898314,kitchen,3.099155005359867,0,0,39,20,14,3,2,0,0,0,0.2,0.1,direct
122,S2_sink,4.75,11,3,1,1.4439887097745714,kitchen,3.2894994038710643,0,0,40,19,17,1,3,0,1,0,0.2,0.1,direct
123,S2_sink,5.75,11,2,1,1.343335833840008,kitchen,4.280389054733448,1,0,53,23,26,1,2,1,0,0,0.2,0.1,direct
124,S2_sink,6.0,1,2,2,1.7029474527912565,kitchen,3.523303076771722,1,1,53,24,23,2,2,2,1,0,0.2,0.1,detour
125,S2_sink,5.25,10,5,1,1.1247639084498502,kitchen,4.667646214960392,0,0,50,21,23,1,5,0,3,0,0.2,0.1,direct
126,S2_sink,7.25,8,1,2,1.4296264600384996,kitchen,5.071254766650555,1,1,64,29,31,2,1,1,0,0,0.2,0.1,direct
127,S2_sink,3.25,3,1,1,1.870004202186612,kitchen,1.737964008957706,1,1,21,13,5,1,1,1,0,1,0.2,0.1,lost
128,S2_sink,3.25,5,1,1,1.4644185214444234,kitchen,2.219310909011432,1,1,28,13,12,1,1,1,1,0,0.2,0.1,detour
129,S2_sink,6.0,16,1,2,1.2199747735481423,kitchen,4.918134481215343,1,0,48,24,20,2,1,1,3,0,0.2,0.1,direct
130,S2_sink,3.0,5,1,1,1.557673444396677,kitchen,1.9259492487284255,1,1,25,12,9,1,1,2,0,0,0.2,0.1,direct
131,S2_sink,6.5,7,2,1,1.35981164384152,kitchen,4.780073791423973,1,1,63,26,33,1,2,1,0,0,0.2,0.1,lost
132,S2_sink,3.75,9,1,1,1.244701816364535,kitchen,3.0127697659772195,1,0,37,15,18,1,1,2,0,1,0.2,0.1,detour
133,S2_sink,4.5,8,3,1,1.0188321015870112,kitchen,4.416821960154627,1,1,46,18,22,1,3,2,3,0,0.2,0.1,lost
134,S2_sink,4.25,1,2,1,1.94171235332698,kitchen,2.188789700347707,1,1,29,17,8,1,2,1,1,0,0.2,0.1,detour
135,S2_sink,3.5,5,4,1,1.215073939115196,kitchen,2.8804831437242933,1,1,38,14,18,1,4,1,0,0,0.2,0.1,detour
136,S2_sink,3.75,6,6,2,1.108077688992022,kitchen,3.3842392435599336,0,0,37,15,14,2,6,0,1,0,0.2,0.1,detour
137,S2_sink,3.75,5,6,1,1.1849940920437376,kitchen,3.164572739373277,0,0,35,15,13,1,6,0,0,1,0.2,0.1,lost
138,S2_sink,2.25,3,3,1,1.1179753293812322,kitchen,2.012566772153471,1,1,19,9,5,1,3,1,0,1,0.2,0.1,lost
139,S2_sink,3.75,6,1,1,1.564576970839082,kitchen,2.396814007807412,1,1,29,15,10,1,1,2,2,0,0.2,0.1,detour
140,S2_sink,5.0,5,1,1,1.9868214068295764,kitchen,2.51658250852986,1,1,40,20,16,1,1,2,0,1,0.2,0.1,direct
141,S3_fridge,5.75,5,6,2,1.693783625677817,kitchen,3.394766552722441,0,0,40,23,9,2,6,0,1,0,0.22,0.1,detour
142,S3_fridge,4.75,6,6,1,1.204226339641684,kitchen,3.9444412097923016,0,0,41,19,15,1,6,0,1,1,0.22,0.1,cautious
143,S3_fridge,5.75,10,1,1,1.8427990273041328,kitchen,3.1202534377347644,1,0,37,23,11,1,1,1,1,0,0.22,0.1,detour
144,S3_fridge,5.5,2,2,1,1.8823577070751696,kitchen,2.921867602171092,1,1,45,22,18,1,2,2,0,0,0.22,0.1,lost
145,S3_fridge,6.25,6,5,1,1.3556059597655203,kitchen,4.610484304068024,0,0,52,25,21,1,5,0,1,0,0.22,0.1,cautious
146,S3_fridge,4.25,7,1,1,1.4987564229053487,kitchen,2.8356842613300355,1,1,31,17,11,1,1,1,1,1,0.22,0.1,detour
147,S3_fridge,3.75,7,1,1,1.699054215624502,kitchen,2.207110264943285,1,1,32,15,14,1,1,1,0,0,0.22,0.1,direct
148,S3_fridge,5.5,3,2,2,1.7812535745062212,kitchen,3.08771310200719,1,0,46,22,19,2,2,1,1,0,0.22,0.1,direct
149,S3_fridge,4.75,3,1,2,1.9238916546918408,kitchen,2.4689540018618303,1,0,40,19,16,2,1,2,0,0,0.22,0.1,direct
150,S3_fridge,2.75,3,1,1,1.1994040757895623,kitchen,2.292805281814377,1,1,27,11,11,1,1,3,0,0,0.22,0.1,detour
151,S3_fridge,6.25,4,4,1,2.097322714417364,kitchen,2.979989658737973,0,0,39,25,9,1,4,0,0,0,0.22,0.1,detour
152,S3_fridge,3.75,9,2,0,1.1757185099985303,kitchen,3.189538965415019,1,1,36,15,18,0,2,1,2,0,0.22,0.1,direct
153,S3_fridge,6.75,6,1,1,1.653068124435416,kitchen,4.083316289403,1,1,56,27,25,1,1,2,2,0,0.22,0.1,direct
154,S3_fridge,3.5,1,4,1,1.4224222404690414,kitchen,2.460591447758776,0,0,44,14,25,1,4,0,0,0,0.22,0.1,direct
155,S3_fridge,4.75,10,2,1,1.4709035748279102,kitchen,3.229307536733488,1,1,39,19,15,1,2,2,1,0,0.22,0.1,direct
156,S3_fridge,4.25,3,5,1,1.6600667498071024,kitchen,2.560138018844028,0,0,35,17,12,1,5,0,0,0,0.22,0.1,detour
157,S3_fridge,10.25,9,4,2,2.0074032783256244,kitchen,5.106099063736474,1,1,74,41,26,2,4,1,0,0,0.22,0.1,lost
158,S3_fridge,4.75,6,4,0,1.352291667584247,kitchen,3.512555844173371,0,0,38,19,15,0,4,0,1,0,0.22,0.1,direct
159,S3_fridge,4.5,10,4,2,1.2882565113376852,kitchen,3.493093153728632,0,0,38,18,14,2,4,0,1,1,0.22,0.1,direct
160,S3_fridge,2.75,4,1,2,1.845164981005667,kitchen,1.4903816343301577,1,1,22,11,7,2,1,1,1,1,0.22,0.1,direct
161,S3_fridge,5.25,12,3,0,1.6144276517515892,kitchen,3.251926460937386,1,0,39,21,14,0,3,1,0,0,0.22,0.1,direct
162,S3_fridge,3.75,5,1,1,1.9877289899419863,kitchen,1.8865750909581729,1,1,28,15,10,1,1,1,0,0,0.22,0.1,direct
163,S3_fridge,2.0,1,1,1,0.8548205983103733,kitchen,2.3396722118689848,1,1,22,8,9,1,1,3,0,1,0.22,0.1,lost
164,S3_fridge,6.0,11,6,2,0.2989611506428303,kitchen,20.069497281164185,0,0,51,24,19,2,6,0,5,0,0.22,0.1,lost
165,S3_fridge,5.5,8,6,0,1.8492860344714728,kitchen,2.974120767408435,0,0,37,22,9,0,6,0,0,1,0.22,0.1,direct
166,S3_fridge,3.75,2,1,1,2.022082287713764,kitchen,1.8545239344536664,1,1,34,15,15,1,1,2,0,0,0.22,0.1,detour
167,S3_fridge,3.0,4,1,1,1.643426035379688,kitchen,1.8254548336316805,1,1,26,12,11,1,1,1,1,0,0.22,0.1,direct
168,S3_fridge,5.25,7,1,1,1.5505160784279284,kitchen,3.3859694027313707,1,1,40,21,16,1,1,1,3,1,0.22,0.1,direct
169,S3_fridge,5.0,6,4,1,1.562471342210959,kitchen,3.200058692228429,0,0,41,20,16,1,4,0,0,0,0.22,0.1,direct
170,S3_fridge,3.0,1,6,1,1.38778205290123,kitchen,2.161722724204673,0,0,25,12,6,1,6,0,0,1,0.22,0.1,lost
171,S3_fridge,7.25,11,1,0,1.5219497476799069,kitchen,4.763626401628607,1,1,55,29,24,0,1,1,3,1,0.22,0.1,detour
172,S3_fridge,4.25,7,2,1,1.352002115462748,kitchen,3.1434862056745807,1,1,35,17,14,1,2,1,3,1,0.22,0.1,direct
173,S3_fridge,7.0,8,2,2,1.7310333740568222,kitchen,4.043827291206357,1,1,53,28,20,2,2,1,0,1,0.22,0.1,detour
174,S3_fridge,5.75,10,3,2,1.2897689548111675,kitchen,4.458162819434466,1,0,53,23,21,2,3,4,1,0,0.22,0.1,cautious
175,S3_fridge,3.25,3,6,1,1.266041591719282,kitchen,2.5670562651788607,0,0,32,13,12,1,6,0,0,1,0.22,0.1,detour
176,S3_fridge,3.5,8,2,1,1.2871770640254332,kitchen,2.71912862481742,1,1,25,14,7,1,2,1,2,0,0.22,0.1,direct
177,S3_fridge,3.75,9,4,1,1.1030779690187689,kitchen,3.399578366464677,1,1,35,15,14,1,4,1,0,0,0.22,0.1,direct
178,S3_fridge,6.0,10,2,1,1.6473081562012095,kitchen,3.642305768603949,1,1,41,24,13,1,2,1,1,0,0.22,0.1,direct
179,S3_fridge,5.5,9,1,0,2.2071187655722606,kitchen,2.4919365852856417,0,0,41,22,18,0,1,0,0,0,0.22,0.1,detour
180,S3_fridge,5.0,8,1,0,1.8887214253176257,kitchen,2.647293525120652,1,0,34,20,12,0,1,1,2,0,0.22,0.1,direct
181,S3_fridge,3.25,3,1,0,1.6981978214967943,kitchen,1.9137935279739344,1,1,30,13,15,0,1,1,0,0,0.22,0.1,detour
182,S3_fridge,5.0,9,4,0,1.3625359735390623,kitchen,3.669627882934319,1,1,50,20,24,0,4,2,0,0,0.22,0.1,detour
183,S3_fridge,4.25,6,3,1,1.2633773203222396,kitchen,3.3639989666080017,1,1,39,17,15,1,3,3,0,0,0.22,0.1,lost
184,S3_fridge,4.75,7,1,1,1.7582402005166118,kitchen,2.701564893468105,1,1,38,19,16,1,1,1,0,0,0.22,0.1,detour
185,S3_fridge,4.25,6,2,2,1.570950201874093,kitchen,2.705369014835662,1,0,35,17,11,2,2,3,1,0,0.22,0.1,cautious
186,S3_fridge,3.25,5,6,0,1.478586616286305,kitchen,2.1980450547854065,1,1,28,13,8,0,6,1,0,1,0.22,0.1,detour
187,S3_fridge,5.25,5,6,0,1.3672427721807507,kitchen,3.8398447640913513,0,0,45,21,18,0,6,0,0,0,0.22,0.1,detour
188,S3_fridge,6.25,8,1,1,1.5993887382471124,kitchen,3.907742908612596,1,1,48,25,20,1,1,1,0,0,0.22,0.1,cautious
189,S3_fridge,4.0,2,1,1,2.135953015226288,kitchen,1.872700369102562,1,1,27,16,8,1,1,1,1,1,0.22,0.1,detour
190,S3_fridge,4.5,4,2,0,1.870492609064695,kitchen,2.4057833632660763,1,1,40,18,19,0,2,1,0,0,0.22,0.1,direct
191,S3_fridge,3.0,8,3,0,1.2815632117191802,kitchen,2.3408911652321747,1,0,24,12,8,0,3,1,0,0,0.22,0.1,cautious
192,S3_fridge,5.75,6,2,1,1.7897643033208164,kitchen,3.2127135340285693,1,1,43,23,16,1,2,1,0,0,0.22,0.1,lost
193,S3_fridge,3.75,4,1,0,2.6404039426288466,kitchen,1.4202372369836769,1,1,28,15,10,0,1,2,0,0,0.22,0.1,direct
194,S3_fridge,3.25,7,3,0,1.172639130343941,kitchen,2.7715261378381246,1,0,32,13,12,0,3,4,0,0,0.22,0.1,cautious
195,S3_fridge,5.5,5,2,1,1.7479525464578056,kitchen,3.146538509380962,1,1,43,22,16,1,2,2,2,0,0.22,0.1,direct
196,S3_fridge,7.0,11,2,3,1.9016012624828764,kitchen,3.681108199760166,1,1,54,28,18,3,2,3,1,0,0.22,0.1,cautious
197,S3_fridge,4.75,5,1,1,1.470549154695123,kitchen,3.230085838908784,1,1,45,19,23,1,1,1,1,0,0.22,0.1,direct
198,S3_fridge,6.75,9,1,1,1.564452619523034,kitchen,4.314608135628883,1,1,55,27,24,1,1,2,1,1,0.22,0.1,direct
199,S3_fridge,6.25,12,1,1,1.7574137550204292,kitchen,3.5563622864254563,1,0,46,25,18,1,1,1,0,0,0.22,0.1,direct
200,S3_fridge,4.75,3,1,0,1.9864245012692583,kitchen,2.3912310772269016,1,0,34,19,11,0,1,3,1,0,0.22,0.1,cautious
201,S3_fridge,3.25,6,5,1,1.122365999183928,kitchen,2.8956686164433654,0,0,34,13,15,1,5,0,2,0,0.22,0.1,detour
202,S3_fridge,5.5,4,5,1,1.4114601877438506,kitchen,3.8966738472386377,0,0,47,22,19,1,5,0,0,0,0.22,0.1,lost
203,S3_fridge,7.75,8,1,2,1.548315795124756,kitchen,5.0054388286955,1,0,63,31,28,2,1,1,2,1,0.22,0.1,cautious
204,S3_fridge,4.25,7,2,0,1.6932582748540324,kitchen,2.509953775578845,1,1,37,17,17,0,2,1,0,0,0.22,0.1,cautious
205,S3_fridge,6.5,7,6,1,1.361522653476704,kitchen,4.77406672845434,0,0,57,26,24,1,6,0,1,1,0.22,0.1,detour
206,S3_fridge,6.5,8,1,0,1.7133274336892754,kitchen,3.793787382487464,1,1,44,26,16,0,1,1,2,0,0.22,0.1,direct
207,S3_fridge,3.75,6,3,0,1.3169297689937725,kitchen,2.8475322589641703,1,1,32,15,12,0,3,2,2,1,0.22,0.1,direct
208,S3_fridge,2.0,5,1,1,1.2691164478939436,kitchen,1.5758995191646388,1,0,20,8,6,1,1,4,0,0,0.22,0.1,detour
209,S3_fridge,4.0,3,1,1,1.8571865360589068,kitchen,2.153795497833141,1,1,36,16,16,1,1,2,1,1,0.22,0.1,detour
210,S3_fridge,3.0,4,2,1,1.3916995984706575,kitchen,2.1556376126692194,1,1,30,12,14,1,2,1,0,0,0.22,0.1,lost
211,S4_table,7.0,9,1,1,1.6778212183540944,kitchen,4.172077408144144,1,1,55,28,23,1,1,2,1,1,0.3,0.12,cautious
212,S4_table,4.5,6,2,1,1.4376887678220769,kitchen,3.130023758074532,1,1,40,18,18,1,2,1,1,0,0.3,0.12,cautious
213,S4_table,6.25,4,4,1,1.6089833339205624,kitchen,3.884440483774812,0,0,44,25,14,1,4,0,1,0,0.3,0.12,lost
214,S4_table,5.0,3,1,2,1.557319340277337,kitchen,3.210645286861697,1,0,43,20,18,2,1,2,1,0,0.3,0.12,direct
215,S4_table,4.5,8,5,2,1.6783177370406437,kitchen,2.681256296519152,1,0,36,18,10,2,5,1,0,0,0.3,0.12,cautious
216,S4_table,5.0,7,2,1,1.3946241185428554,kitchen,3.5851954182637744,1,0,45,20,19,1,2,3,1,0,0.3,0.12,direct
217,S4_table,6.75,7,1,0,1.7644167626269176,kitchen,3.8256267696926622,1,0,47,27,16,0,1,3,1,0,0.3,0.12,detour
218,S4_table,3.0,8,1,2,1.5241551714799444,kitchen,1.9683035271841909,1,0,26,12,9,2,1,2,0,0,0.3,0.12,direct
219,S4_table,5.75,3,5,1,1.4067414503287778,kitchen,4.087460420432008,0,0,43,23,14,1,5,0,3,0,0.3,0.12,direct
220,S4_table,5.5,4,2,0,1.625856620807915,kitchen,3.382832120379077,1,1,44,22,18,0,2,2,1,0,0.3,0.12,direct
221,S4_table,7.25,5,2,1,2.008064883727833,kitchen,3.6104411061364106,1,1,52,29,19,1,2,1,0,0,0.3,0.12,cautious
222,S4_table,5.5,10,1,1,1.6649004837878658,kitchen,3.3035007518808466,1,0,38,22,13,1,1,1,1,0,0.3,0.12,detour
223,S4_table,5.25,6,1,1,1.62960308394577,kitchen,3.2216433877187667,1,0,44,21,20,1,1,1,1,0,0.3,0.12,detour
224,S4_table,6.0,6,6,2,1.3339315041929871,kitchen,4.497982078644982,1,0,47,24,12,2,6,3,2,0,0.3,0.12,direct
225,S4_table,6.0,11,2,1,1.7126540827878889,kitchen,3.5033344212937,1,1,48,24,20,1,2,1,0,0,0.3,0.12,cautious
226,S4_table,6.25,12,3,1,1.4400587737302946,kitchen,4.34010063617761,1,1,48,25,18,1,3,1,1,0,0.3,0.12,cautious
227,S4_table,6.75,12,3,2,1.3620702384141905,kitchen,4.955691571279601,1,1,64,27,29,2,3,3,2,0,0.3,0.12,detour
228,S4_table,5.75,7,4,1,1.231629368631304,kitchen,4.668612284221438,1,1,55,23,26,1,4,1,3,1,0.3,0.12,cautious
229,S4_table,4.5,4,4,0,1.314990585335041,kitchen,3.4220777321028986,1,1,39,18,16,0,4,1,3,1,0.3,0.12,detour
230,S4_table,7.5,10,2,1,1.7468246116381552,kitchen,4.293504883107053,0,0,62,30,29,1,2,0,0,0,0.3,0.12,direct
231,S4_table,5.25,6,2,0,1.3237377645600514,kitchen,3.9660423239076015,1,1,46,21,21,0,2,2,1,0,0.3,0.12,cautious
232,S4_table,4.5,6,4,2,1.6318168263768726,kitchen,2.757662457735138,1,0,34,18,8,2,4,2,0,0,0.3,0.12,direct
233,S4_table,4.5,2,2,0,1.6224398849774606,kitchen,2.77360045303775,1,0,37,18,16,0,2,1,1,0,0.3,0.12,detour
234,S4_table,3.0,4,3,1,1.3459067266668794,kitchen,2.2289806125194582,1,1,27,12,10,1,3,1,0,1,0.3,0.12,detour
235,S4_table,5.75,4,6,1,1.5536903203877206,kitchen,3.700866205155412,0,0,48,23,18,1,6,0,0,0,0.3,0.12,direct
236,S4_table,5.25,8,5,1,1.4266797535190765,kitchen,3.679872786482213,0,0,39,21,12,1,5,0,1,0,0.3,0.12,direct
237,S4_table,3.5,3,3,1,1.2166291909100035,kitchen,2.876800939966023,1,1,37,14,18,1,3,1,0,0,0.3,0.12,direct
238,S4_table,4.75,8,5,2,1.3147774499619194,kitchen,3.612778725507938,0,0,41,19,15,2,5,0,0,0,0.3,0.12,cautious
239,S4_table,4.75,5,6,1,1.21897053863995,kitchen,3.896730765371695,0,0,49,19,23,1,6,0,0,0,0.3,0.12,direct
240,S4_table,4.5,8,2,1,1.577571369575443,kitchen,2.852485844244906,1,1,35,18,12,1,2,2,1,1,0.3,0.12,direct
241,S4_table,7.25,9,6,0,1.4670037825985338,kitchen,4.9420458801803,0,0,57,29,22,0,6,0,1,0,0.3,0.12,direct
242,S4_table,8.75,14,3,1,1.5546383362714862,kitchen,5.62831868728084,1,1,69,35,28,1,3,2,0,0,0.3,0.12,cautious
243,S4_table,6.5,7,1,2,1.9759941572206408,kitchen,3.2894834107923963,1,0,49,26,17,2,1,3,1,1,0.3,0.12,direct
244,S4_table,10.0,5,2,0,2.075759403692897,kitchen,4.817514005818507,1,0,74,40,30,0,2,2,0,0,0.3,0.12,detour
245,S4_table,4.0,5,3,1,1.3228744062764066,kitchen,3.0237186395185454,1,1,39,16,18,1,3,1,3,0,0.3,0.12,detour
246,S4_table,7.0,10,5,0,1.3901341581890592,kitchen,5.035485214692491,0,0,53,28,20,0,5,0,0,0,0.3,0.12,direct
247,S4_table,6.75,9,6,1,1.3726115553176828,kitchen,4.917633086979042,0,0,59,27,25,1,6,0,2,0,0.3,0.12,direct
248,S4_table,7.25,8,2,1,1.8915295481577847,kitchen,3.8328769471568567,1,0,57,29,22,1,2,3,0,1,0.3,0.12,direct
249,S4_table,9.0,5,4,0,1.8249395119607528,kitchen,4.931670305242179,1,0,73,36,32,0,4,1,1,0,0.3,0.12,direct
250,S4_table,4.75,3,2,1,1.555724689554865,kitchen,3.0532394529003093,1,1,41,19,18,1,2,1,0,1,0.3,0.12,direct
251,S4_table,6.25,14,6,1,1.6305669640268468,kitchen,3.833022585325172,0,0,44,25,12,1,6,0,0,0,0.3,0.12,detour
252,S4_table,3.75,5,1,1,1.35297084691149,kitchen,2.771678346625396,1,0,35,15,15,1,1,3,0,0,0.3,0.12,cautious
253,S4_table,5.5,4,1,1,1.551924734646667,kitchen,3.543986301147657,1,1,45,22,20,1,1,1,0,0,0.3,0.12,direct
254,S4_table,6.5,10,2,1,1.5220238389663063,kitchen,4.270629561501824,1,1,55,26,24,1,2,2,1,0,0.3,0.12,direct
255,S4_table,5.5,8,1,1,1.3950898278278328,kitchen,3.942398468035244,1,0,46,22,19,1,1,3,1,0,0.3,0.12,direct
256,S4_table,2.75,9,2,1,1.1953904764151302,kitchen,2.3005035210310574,1,1,24,11,9,1,2,1,0,0,0.3,0.12,detour
257,S4_table,6.5,8,3,1,1.7001293890980569,kitchen,3.823238420370078,1,0,56,26,25,1,3,1,2,1,0.3,0.12,cautious
258,S4_table,5.5,6,6,1,1.4050081397942515,kitchen,3.914568068484938,1,1,50,22,19,1,6,2,2,0,0.3,0.12,lost
259,S4_table,5.0,3,3,1,1.395068600578013,kitchen,3.584053141134687,1,0,45,20,19,1,3,2,0,0,0.3,0.12,detour
260,S4_table,8.0,5,5,1,0.4642815470124158,kitchen,17.230923889779458,0,0,67,32,29,1,5,0,7,0,0.3,0.12,cautious
261,S4_table,4.75,3,3,1,1.2898042781824923,kitchen,3.682729294938755,1,1,43,19,19,1,3,1,0,1,0.3,0.12,direct
262,S4_table,5.0,2,4,1,1.4787806481542467,kitchen,3.381164073414671,0,0,38,20,13,1,4,0,2,1,0.3,0.12,direct
263,S4_table,8.0,13,6,2,1.2872297052681936,kitchen,6.2148969739112765,1,1,70,32,29,2,6,1,0,0,0.3,0.12,direct
264,S4_table,6.75,7,1,1,2.0773890190833275,kitchen,3.2492710503391984,1,1,49,27,18,1,1,2,0,0,0.3,0.12,cautious
265,S4_table,4.5,9,3,2,1.409159700922822,kitchen,3.1933924856445066,1,1,36,18,12,2,3,1,2,0,0.3,0.12,detour
266,S4_table,6.25,5,1,1,1.6750685118433266,kitchen,3.7311906682086673,1,0,46,25,16,1,1,3,0,0,0.3,0.12,cautious
267,S4_table,6.25,11,1,1,1.7564565056144543,kitchen,3.55830046461275,1,1,44,25,16,1,1,1,1,1,0.3,0.12,detour
268,S4_table,5.5,7,3,1,1.4602520794265912,kitchen,3.766472979213102,1,1,48,22,21,1,3,1,0,0,0.3,0.12,detour
269,S4_table,4.0,5,1,1,1.854584784769183,kitchen,2.1568170044584023,1,1,32,16,13,1,1,1,0,0,0.3,0.12,detour
270,S4_table,6.5,10,6,0,1.3583438934638077,kitchen,4.785238871597423,0,0,57,26,25,0,6,0,1,0,0.3,0.12,direct
271,S4_table,6.25,10,4,1,0.2898780301129113,kitchen,21.56079230138808,1,1,53,25,21,1,4,2,2,0,0.3,0.12,cautious
272,S4_table,7.25,10,1,1,1.628349665927561,kitchen,4.452360664114586,1,0,62,29,28,1,1,3,2,0,0.3,0.12,detour
273,S4_table,3.75,5,6,2,1.1817500490994417,kitchen,3.1732598639261367,0,0,35,15,12,2,6,0,0,0,0.3,0.12,direct
274,S4_table,5.25,3,1,1,1.5590980218012844,kitchen,3.3673315767115644,1,1,46,21,21,1,1,2,2,0,0.3,0.12,direct
275,S4_table,5.0,6,2,0,1.7812342888784372,kitchen,2.8070423027552844,0,0,33,20,11,0,2,0,1,1,0.3,0.12,detour
276,S4_table,7.0,9,1,2,1.8413551986512515,kitchen,3.801547906198289,1,0,57,28,25,2,1,1,2,0,0.3,0.12,detour
277,S4_table,5.0,14,6,0,1.2657343884349257,kitchen,3.950275860152995,0,0,44,20,18,0,6,0,1,0,0.3,0.12,direct
278,S4_table,3.5,6,1,0,1.9257267196719476,kitchen,1.8174956831861555,1,1,25,14,9,0,1,1,2,0,0.3,0.12,cautious
279,S4_table,5.25,9,1,1,1.482138817484504,kitchen,3.5421783290922337,1,0,43,21,18,1,1,2,1,0,0.3,0.12,detour
280,S4_table,6.75,8,5,1,1.8488321761982731,kitchen,3.6509533352453474,0,0,49,27,16,1,5,0,0,0,0.3,0.12,direct
281,S5_mw_open,6.5,8,2,1,1.497360377602353,kitchen,4.340972351898425,1,0,52,26,19,1,2,4,0,0,0.28,0.1,cautious
282,S5_mw_open,3.0,5,1,1,1.5851527865627313,kitchen,1.8925620453945289,1,1,22,12,7,1,1,1,1,1,0.28,0.1,detour
283,S5_mw_open,7.5,9,2,1,1.7261598167540244,kitchen,4.344904757488478,1,0,60,30,26,1,2,1,3,0,0.28,0.1,direct
284,S5_mw_open,2.5,0,1,1,1.5829350985184143,kitchen,1.5793446000028266,1,1,22,10,9,1,1,1,0,0,0.28,0.1,direct
285,S5_mw_open,4.25,8,4,0,1.5387799138055855,kitchen,2.761928435554663,0,0,34,17,13,0,4,0,1,1,0.28,0.1,cautious
286,S5_mw_open,3.25,4,5,0,1.0705907984209664,kitchen,3.03570701783864,1,1,30,13,9,0,5,3,3,0,0.28,0.1,cautious
287,S5_mw_open,4.5,6,1,2,1.9085958129485097,kitchen,2.357754307889913,1,1,32,18,10,2,1,1,1,0,0.28,0.1,cautious
288,S5_mw_open,6.25,9,3,1,1.4311347625653317,kitchen,4.3671638503118855,0,0,54,25,25,1,3,0,3,0,0.28,0.1,cautious
289,S5_mw_open,7.5,8,2,1,1.5553847202556412,kitchen,4.82195813185519,1,1,62,30,27,1,2,2,3,1,0.28,0.1,direct
290,S5_mw_open,4.25,12,2,1,1.430415248168871,kitchen,2.9711651951701343,1,1,40,17,18,1,2,2,0,0,0.28,0.1,cautious
291,S5_mw_open,4.0,8,2,1,1.6749601378736998,kitchen,2.388116534568908,1,0,35,16,14,1,2,2,2,0,0.28,0.1,direct
292,S5_mw_open,3.0,6,6,1,1.2995004524058351,kitchen,2.308579419457637,0,0,27,12,8,1,6,0,0,0,0.28,0.1,detour
293,S5_mw_open,4.75,4,1,1,1.780149017652452,kitchen,2.668315940349758,1,1,40,19,17,1,1,2,0,1,0.28,0.1,detour
294,S5_mw_open,5.0,3,4,3,1.1676505381856237,kitchen,4.282103109179693,1,1,52,20,22,3,4,3,1,1,0.28,0.1,detour
295,S5_mw_open,5.5,9,6,2,1.3453114296442152,kitchen,4.088272706829336,0,0,45,22,15,2,6,0,0,0,0.28,0.1,direct
296,S5_mw_open,2.5,4,1,0,1.075246587263544,kitchen,2.325048067683146,1,1,27,10,14,0,1,2,1,0,0.28,0.1,direct
297,S5_mw_open,4.75,4,1,0,1.7696292852236188,kitchen,2.6841780025129767,1,0,33,19,9,0,1,4,0,0,0.28,0.1,direct
298,S5_mw_open,3.5,3,1,1,1.610228535949138,kitchen,2.1736045051126545,1,1,31,14,14,1,1,1,0,0,0.28,0.1,direct
299,S5_mw_open,4.5,4,3,1,0.2493762513907552,kitchen,18.04502223007921,1,0,40,18,15,1,3,3,5,0,0.28,0.1,direct
300,S5_mw_open,7.25,8,1,1,1.8696915080116625,kitchen,3.877645038731586,1,1,54,29,22,1,1,1,1,0,0.28,0.1,direct
301,S5_mw_open,4.5,4,5,2,1.1916208343184036,kitchen,3.776369018064341,1,0,48,18,20,2,5,3,1,0,0.28,0.1,direct
302,S5_mw_open,4.25,5,2,1,1.7286186286633292,kitchen,2.458610551528276,1,1,35,17,14,1,2,1,1,0,0.28,0.1,direct
303,S5_mw_open,5.0,7,2,0,1.3962168726511393,kitchen,3.5811055559771243,1,0,43,20,20,0,2,1,4,0,0.28,0.1,detour
304,S5_mw_open,1.0,3,1,1,0.6006063519213942,kitchen,1.66498405619739,1,1,18,4,8,1,1,4,2,1,0.28,0.1,cautious
305,S5_mw_open,4.5,4,4,1,1.5709923937243035,kitchen,2.8644314370816195,0,0,42,18,19,1,4,0,1,0,0.28,0.1,detour
306,S5_mw_open,5.25,8,5,1,1.1680977208503158,kitchen,4.494486981943828,0,0,53,21,26,1,5,0,1,0,0.28,0.1,detour
307,S5_mw_open,6.0,3,1,2,1.611306856923738,kitchen,3.723685512922741,1,1,55,24,27,2,1,1,0,1,0.28,0.1,cautious
308,S5_mw_open,4.0,4,1,1,1.2929216836994453,kitchen,3.0937682076417605,1,0,37,16,15,1,1,4,1,0,0.28,0.1,cautious
309,S5_mw_open,3.75,6,3,1,1.4237790702491966,kitchen,2.633835598765795,1,1,34,15,14,1,3,1,1,0,0.28,0.1,direct
310,S5_mw_open,4.0,4,5,0,1.2211288181047746,kitchen,3.275657687129282,1,0,41,16,16,0,5,4,0,0,0.28,0.1,direct
311,S5_mw_open,5.25,9,1,1,1.733422887674067,kitchen,3.028689673669032,1,0,37,21,12,1,1,2,0,1,0.28,0.1,detour
312,S5_mw_open,4.75,2,1,1,1.6339173137970788,kitchen,2.9071238549773497,1,1,35,19,13,1,1,1,2,0,0.28,0.1,cautious
313,S5_mw_open,8.25,9,1,0,1.57905425303901,kitchen,5.224646324926612,1,1,63,33,28,0,1,1,1,0,0.28,0.1,direct
314,S5_mw_open,5.25,6,4,1,1.649004466128637,kitchen,3.1837391030998297,1,0,38,21,8,1,4,4,0,1,0.28,0.1,direct
315,S5_mw_open,5.75,10,3,0,1.74120948251982,kitchen,3.302302254682643,1,0,39,23,12,0,3,1,3,0,0.28,0.1,cautious
316,S5_mw_open,4.5,7,1,0,1.2496640835610633,kitchen,3.600967699397046,1,1,43,18,21,0,1,3,2,0,0.28,0.1,direct
317,S5_mw_open,4.25,6,5,1,1.0683857759660351,kitchen,3.9779638550102807,1,0,43,17,19,1,5,1,2,0,0.28,0.1,direct
318,S5_mw_open,4.5,6,1,2,1.53160342151639,kitchen,2.938097380028505,1,1,36,18,14,2,1,1,0,0,0.28,0.1,direct
319,S5_mw_open,6.75,9,6,2,1.382030983608738,kitchen,4.884116260819641,0,0,57,27,22,2,6,0,1,0,0.28,0.1,lost
320,S5_mw_open,4.5,8,2,1,1.4367771324648335,kitchen,3.132009758730024,1,1,41,18,18,1,2,2,1,0,0.28,0.1,direct
321,S5_mw_open,4.75,7,2,1,1.4796389825160745,kitchen,3.210242536272457,1,1,39,19,16,1,2,1,1,0,0.28,0.1,direct
322,S5_mw_open,5.0,10,4,1,1.4967538657946386,kitchen,3.3405626097016694,0,0,41,20,16,1,4,0,0,1,0.28,0.1,cautious
323,S5_mw_open,7.5,5,1,0,1.907958601368637,kitchen,3.9309029004193383,1,0,54,30,20,0,1,3,1,1,0.28,0.1,lost
324,S5_mw_open,5.0,6,2,0,1.6861886587699566,kitchen,2.965267245746634,1,1,34,20,11,0,2,1,0,0,0.28,0.1,direct
325,S5_mw_open,5.25,2,2,1,2.039846257554625,kitchen,2.57372337770873,1,0,35,21,10,1,2,1,1,0,0.28,0.1,detour
326,S5_mw_open,4.25,3,1,1,1.6775410039199856,kitchen,2.533470114929432,1,1,35,17,15,1,1,1,1,0,0.28,0.1,direct
327,S5_mw_open,6.75,7,2,1,1.4526031010493556,kitchen,4.646830228521351,1,1,59,27,28,1,2,1,2,0,0.28,0.1,cautious
328,S5_mw_open,3.5,6,1,1,1.8261597004013408,kitchen,1.9165903175011445,1,0,28,14,11,1,1,1,0,1,0.28,0.1,detour
329,S5_mw_open,4.75,11,6,1,1.103568792678732,kitchen,4.3042174004124885,0,0,43,19,17,1,6,0,2,0,0.28,0.1,cautious
330,S5_mw_open,4.75,6,5,1,1.5457970961369871,kitchen,3.0728483135790925,0,0,44,19,19,1,5,0,1,1,0.28,0.1,cautious
331,S5_mw_open,9.25,7,5,1,1.7552967367254928,kitchen,5.2697642549349695,0,0,72,37,29,1,5,0,1,0,0.28,0.1,lost
332,S5_mw_open,7.75,6,1,1,1.83609881131841,kitchen,4.220905733518293,1,0,63,31,28,1,1,2,1,0,0.28,0.1,direct
333,S5_mw_open,4.0,6,1,2,1.5729090500709946,kitchen,2.543058671968005,1,0,40,16,17,2,1,4,0,1,0.28,0.1,cautious
334,S5_mw_open,4.75,10,6,1,1.283207431817586,kitchen,3.701661853120592,0,0,44,19,18,1,6,0,0,0,0.28,0.1,direct
335,S5_mw_open,7.25,7,6,1,1.5086164022652473,kitchen,4.805727943242456,0,0,57,29,21,1,6,0,1,0,0.28,0.1,direct
336,S5_mw_open,4.75,7,6,1,1.425442943219542,kitchen,3.332297530809285,0,0,41,19,15,1,6,0,1,0,0.28,0.1,direct
337,S5_mw_open,5.25,7,2,1,1.6773020156587044,kitchen,3.130026644568383,1,0,43,21,17,1,2,2,0,0,0.28,0.1,direct
338,S5_mw_open,5.25,14,2,1,1.313964146864017,kitchen,3.995542810304188,1,1,48,21,21,1,2,3,1,0,0.28,0.1,direct
339,S5_mw_open,4.25,5,1,1,1.7778099922120565,kitchen,2.3905816811794938,1,1,31,17,11,1,1,1,2,0,0.28,0.1,lost
340,S5_mw_open,7.5,7,2,1,1.7420921387235402,kitchen,4.305168385350372,1,0,64,30,30,1,2,1,1,0,0.28,0.1,detour
341,S5_mw_open,4.75,6,3,1,2.368167493961128,kitchen,2.0057702895224216,1,0,32,19,8,1,3,1,0,0,0.28,0.1,direct
342,S5_mw_open,9.25,11,2,1,1.5753733496710898,kitchen,5.871624019748231,1,1,72,37,29,1,2,3,2,0,0.28,0.1,direct
343,S5_mw_open,3.25,7,2,1,1.2917783888428742,kitchen,2.5159114195363075,1,1,27,13,10,1,2,1,1,0,0.28,0.1,direct
344,S5_mw_open,4.5,2,2,1,1.4139685442531535,kitchen,3.1825319016392,1,1,35,18,13,1,2,1,4,0,0.28,0.1,lost
345,S5_mw_open,3.75,6,6,1,1.2870606935973112,kitchen,2.9136155106398425,0,0,33,15,11,1,6,0,0,0,0.28,0.1,cautious
346,S5_mw_open,5.75,10,5,2,1.202725133321654,kitchen,4.780809713454482,0,0,60,23,30,2,5,0,2,0,0.28,0.1,direct
347,S5_mw_open,4.25,5,5,1,1.3631094617175632,kitchen,3.117871395775405,0,0,39,17,16,1,5,0,1,0,0.28,0.1,direct
348,S5_mw_open,7.75,11,6,1,1.1667206702921902,kitchen,6.642549667058793,1,0,73,31,34,1,6,1,3,0,0.28,0.1,cautious
349,S5_mw_open,3.75,8,4,1,1.2353209611766602,kitchen,3.0356483196302877,1,1,31,15,9,1,4,2,2,0,0.28,0.1,detour
350,S5_mw_open,6.75,6,1,2,1.970558384549833,kitchen,3.425425023142368,1,0,45,27,14,2,1,1,0,0,0.28,0.1,direct
351,S6_mw_closed,4.0,6,6,0,1.4478017653958155,kitchen,2.762809174297724,0,0,36,16,14,0,6,0,0,0,0.24,0.1,direct
352,S6_mw_closed,3.75,5,1,1,1.3626159385094685,kitchen,2.7520593984112875,1,0,34,15,15,1,1,2,1,0,0.24,0.1,direct
353,S6_mw_closed,5.75,4,3,1,1.89053262464935,kitchen,3.041470919374635,1,0,43,23,15,1,3,1,0,0,0.24,0.1,detour
354,S6_mw_closed,5.75,8,2,2,0.3330978303453391,kitchen,17.262195896138646,1,1,47,23,19,2,2,1,4,0,0.24,0.1,direct
355,S6_mw_closed,3.25,11,2,0,1.2353400593662496,kitchen,2.6308545370635072,1,1,28,13,10,0,2,3,1,0,0.24,0.1,detour
356,S6_mw_closed,4.0,11,2,1,1.426352661099091,kitchen,2.8043555490111105,1,1,35,16,15,1,2,1,0,0,0.24,0.1,direct
357,S6_mw_closed,4.75,10,4,1,1.7261950208785668,kitchen,2.7517168932525555,0,0,36,19,12,1,4,0,0,0,0.24,0.1,direct
358,S6_mw_closed,4.25,6,1,2,2.5452385306984606,kitchen,1.6697845599695995,1,0,27,17,6,2,1,1,1,0,0.24,0.1,direct
359,S6_mw_closed,4.25,6,2,1,1.4246136072985356,kitchen,2.9832650609446194,1,1,31,17,9,1,2,2,1,0,0.24,0.1,direct
360,S6_mw_closed,5.5,9,1,1,1.573937259947473,kitchen,3.494421372414521,1,1,51,22,26,1,1,1,0,0,0.24,0.1,detour
361,S6_mw_closed,3.5,5,1,1,2.3644661601534893,kitchen,1.4802495628750283,1,1,28,14,11,1,1,1,0,0,0.24,0.1,detour
362,S6_mw_closed,4.0,7,6,1,1.3074294596516154,kitchen,3.059438480960848,1,1,34,16,10,1,6,1,0,0,0.24,0.1,direct
363,S6_mw_closed,4.25,4,5,1,1.073033329117186,kitchen,3.9607343823109313,0,0,41,17,18,1,5,0,0,0,0.24,0.1,direct
364,S6_mw_closed,4.75,5,1,1,1.5373695942838217,kitchen,3.0896929519493788,1,1,42,19,20,1,1,1,2,1,0.24,0.1,detour
365,S6_mw_closed,6.25,7,1,2,1.4782157370213456,kitchen,4.228070263000961,1,1,49,25,20,2,1,1,4,0,0.24,0.1,detour
366,S6_mw_closed,7.75,4,1,2,2.0689888586117484,kitchen,3.745791074583215,1,1,59,31,23,2,1,2,0,0,0.24,0.1,detour
367,S6_mw_closed,3.0,6,1,1,1.42460136775567,kitchen,2.105852253059554,1,1,29,12,14,1,1,1,0,1,0.24,0.1,direct
368,S6_mw_closed,5.0,10,1,1,1.456818594660654,kitchen,3.432136312870637,1,0,38,20,13,1,1,3,0,0,0.24,0.1,direct
369,S6_mw_closed,8.25,4,1,1,1.6330835032577882,kitchen,5.051793116238287,1,1,65,33,28,1,1,2,5,1,0.24,0.1,direct
370,S6_mw_closed,3.5,5,1,0,1.3051259089642142,kitchen,2.6817335982378143,1,1,30,14,14,0,1,1,0,0,0.24,0.1,lost
371,S6_mw_closed,4.75,9,1,1,1.318175403360192,kitchen,3.6034658118272143,1,1,45,19,22,1,1,2,1,0,0.24,0.1,detour
372,S6_mw_closed,6.5,10,2,0,1.5535565563446514,kitchen,4.183948098609161,1,1,51,26,21,0,2,2,0,1,0.24,0.1,direct
373,S6_mw_closed,6.0,6,2,1,1.523540351421726,kitchen,3.938195660128703,1,1,50,24,22,1,2,1,0,1,0.24,0.1,detour
374,S6_mw_closed,4.75,12,3,0,1.5751325876934443,kitchen,3.015619153023615,0,0,39,19,17,0,3,0,0,0,0.24,0.1,direct
375,S6_mw_closed,6.5,9,2,0,1.7177845334575697,kitchen,3.7839437213448135,1,0,55,26,24,0,2,3,1,0,0.24,0.1,cautious
376,S6_mw_closed,7.25,10,1,2,1.9097860447125208,kitchen,3.796236766978439,1,1,50,29,17,2,1,1,0,0,0.24,0.1,direct
377,S6_mw_closed,4.75,4,2,1,1.496725658295988,kitchen,3.173594288086063,1,1,46,19,22,1,2,2,0,0,0.24,0.1,detour
378,S6_mw_closed,8.25,15,2,0,1.3836858057048889,kitchen,5.962336222562619,1,0,67,33,30,0,2,2,4,0,0.24,0.1,direct
379,S6_mw_closed,5.5,5,6,0,1.6708597853391665,kitchen,3.291718460315663,0,0,37,22,9,0,6,0,0,1,0.24,0.1,cautious
380,S6_mw_closed,7.5,7,2,2,0.3077186179875776,kitchen,24.372915909503952,0,0,64,30,30,2,2,0,4,0,0.24,0.1,cautious
381,S6_mw_closed,4.75,5,2,1,1.852835245410038,kitchen,2.563638624517212,1,1,29,19,6,1,2,1,0,1,0.24,0.1,cautious
382,S6_mw_closed,5.5,11,3,1,1.6609474914376103,kitchen,3.311362959005736,1,1,43,22,14,1,3,3,0,0,0.24,0.1,detour
383,S6_mw_closed,3.0,1,4,0,1.601555909976337,kitchen,1.873178439361711,1,1,25,12,8,0,4,1,2,1,0.24,0.1,direct
384,S6_mw_closed,4.75,8,2,1,1.8178273491618169,kitchen,2.613009426989961,0,0,34,19,12,1,2,0,2,0,0.24,0.1,lost
385,S6_mw_closed,4.75,4,5,1,1.6768566195926655,kitchen,2.8326810679578847,0,0,38,19,13,1,5,0,0,0,0.24,0.1,direct
386,S6_mw_closed,5.75,5,1,1,2.0526918915403507,kitchen,2.8011997434671843,1,0,42,23,15,1,1,2,1,1,0.24,0.1,detour
387,S6_mw_closed,5.25,2,1,1,2.054947978496424,kitchen,2.5548091995211237,1,1,42,21,18,1,1,1,0,0,0.24,0.1,detour
388,S6_mw_closed,8.75,12,1,2,1.473398052796915,kitchen,5.93865315852026,1,0,73,35,33,2,1,2,3,0,0.24,0.1,direct
389,S6_mw_closed,4.25,6,5,1,1.2782702417155634,kitchen,3.3248055546502324,0,0,32,17,9,1,5,0,2,1,0.24,0.1,detour
390,S6_mw_closed,3.75,5,4,1,1.3220067649292493,kitchen,2.836596679745955,0,0,37,15,17,1,4,0,0,0,0.24,0.1,cautious
391,S6_mw_closed,3.5,5,6,1,1.3837772817374323,kitchen,2.5293087595754558,0,0,29,14,8,1,6,0,1,0,0.24,0.1,direct
392,S6_mw_closed,7.0,4,2,1,1.5737709292211757,kitchen,4.44791543040139,1,0,61,28,27,1,2,3,0,0,0.24,0.1,detour
393,S6_mw_closed,6.0,6,1,1,2.008447705909487,kitchen,2.987381738815557,1,1,45,24,18,1,1,1,1,1,0.24,0.1,detour
394,S6_mw_closed,6.75,3,1,0,2.143601719474552,kitchen,3.148905852554824,1,1,47,27,18,0,1,1,0,0,0.24,0.1,detour
395,S6_mw_closed,4.0,6,2,2,1.793882478567373,kitchen,2.229800473437074,0,0,35,16,15,2,2,0,0,0,0.24,0.1,detour
396,S6_mw_closed,4.0,3,3,1,1.662178701996651,kitchen,2.4064801186509603,0,0,36,16,16,1,3,0,1,0,0.24,0.1,direct
397,S6_mw_closed,5.75,7,2,0,1.9711694427560236,kitchen,2.917050089798745,1,0,41,23,13,0,2,3,0,1,0.24,0.1,direct
398,S6_mw_closed,6.25,6,2,1,1.6905880009750467,kitchen,3.696938577817488,1,1,48,25,18,1,2,2,2,0,0.24,0.1,detour
399,S6_mw_closed,5.0,6,3,1,1.745178244739435,kitchen,2.865036860888974,1,1,35,20,10,1,3,1,0,0,0.24,0.1,detour
400,S6_mw_closed,7.0,11,3,0,1.6664803176923253,kitchen,4.200469651926833,0,0,53,28,22,0,3,0,2,1,0.24,0.1,cautious
401,S6_mw_closed,4.75,4,2,0,1.982052581983155,kitchen,2.396505543383394,1,1,34,19,11,0,2,2,0,0,0.24,0.1,direct
402,S6_mw_closed,3.5,2,6,1,1.4094504394046548,kitchen,2.483237368373437,0,0,31,14,10,1,6,0,1,0,0.24,0.1,direct
403,S6_mw_closed,3.25,11,1,1,1.4759373082529652,kitchen,2.201990546500213,1,0,26,13,10,1,1,1,0,1,0.24,0.1,lost
404,S6_mw_closed,6.5,4,2,2,1.8698693729672229,kitchen,3.476178653958808,1,1,51,26,20,2,2,1,1,0,0.24,0.1,cautious
405,S6_mw_closed,3.25,4,1,1,1.3740849374680653,kitchen,2.3652104112199632,1,1,28,13,12,1,1,1,0,0,0.24,0.1,direct
406,S6_mw_closed,3.75,10,4,1,1.2134286010399666,kitchen,3.090416689359448,0,0,31,15,11,1,4,0,1,0,0.24,0.1,direct
407,S6_mw_closed,5.5,4,6,1,1.456131890973689,kitchen,3.7771303781570578,0,0,40,22,11,1,6,0,0,0,0.24,0.1,cautious
408,S6_mw_closed,3.25,4,2,1,1.5836181303460375,kitchen,2.0522624348142817,1,0,27,13,9,1,2,2,1,1,0.24,0.1,direct
409,S6_mw_closed,5.25,4,1,0,1.9357038436991187,kitchen,2.7121917524156385,1,1,38,21,14,0,1,2,0,1,0.24,0.1,direct
410,S6_mw_closed,4.5,9,3,1,1.448833611788935,kitchen,3.105946716989581,1,1,34,18,9,1,3,3,0,0,0.24,0.1,direct
411,S6_mw_closed,6.25,5,1,1,1.671905077438262,kitchen,3.7382505049726977,1,1,48,25,20,1,1,1,0,1,0.24,0.1,detour
412,S6_mw_closed,5.5,5,4,1,1.274626152400406,kitchen,4.314990705033214,0,0,47,22,20,1,4,0,3,0,0.24,0.1,detour
413,S6_mw_closed,4.5,8,2,2,1.6234881897938649,kitchen,2.771809507632678,1,1,35,18,10,2,2,3,0,1,0.24,0.1,cautious
414,S6_mw_closed,5.75,12,2,1,1.4370328196034057,kitchen,4.001300402858504,1,0,48,23,19,1,2,3,0,0,0.24,0.1,cautious
415,S6_mw_closed,4.0,4,3,1,1.5519742339235847,kitchen,2.577362376621099,1,1,32,16,10,1,3,2,0,1,0.24,0.1,lost
416,S6_mw_closed,7.5,8,4,1,1.4487916196962358,kitchen,5.176727900712529,0,0,62,30,27,1,4,0,2,1,0.24,0.1,detour
417,S6_mw_closed,4.5,5,4,1,1.8964838983841144,kitchen,2.3728121308249404,0,0,31,18,8,1,4,0,1,0,0.24,0.1,direct
418,S6_mw_closed,4.75,8,1,1,1.666251637799434,kitchen,2.8507098761344207,1,1,37,19,15,1,1,1,0,1,0.24,0.1,lost
419,S6_mw_closed,5.5,7,4,1,1.8439792418878544,kitchen,2.98267999718323,0,0,41,22,14,1,4,0,1,0,0.24,0.1,detour
420,S6_mw_closed,4.75,7,1,1,1.7251211444222656,kitchen,2.753429818745136,1,1,41,19,19,1,1,1,0,0,0.24,0.1,detour
421,S7_distractors,6.5,6,1,1,1.6419187769079633,kitchen,3.958782913878786,1,1,47,26,18,1,1,1,1,1,0.28,0.55,detour
422,S7_distractors,4.5,7,5,1,1.3978704072110844,kitchen,3.219182534222202,0,0,39,18,15,1,5,0,3,0,0.28,0.55,direct
423,S7_distractors,6.25,12,6,1,1.4524580243604783,kitchen,4.303050343056829,0,0,45,25,13,1,6,0,2,0,0.28,0.55,direct
424,S7_distractors,5.75,14,4,2,1.4289631071140625,kitchen,4.023896748190172,0,0,55,23,26,2,4,0,0,1,0.28,0.55,direct
425,S7_distractors,8.0,10,4,1,1.4194852555533355,kitchen,5.635845788959243,0,0,67,32,30,1,4,0,1,0,0.28,0.55,direct
426,S7_distractors,4.75,8,4,1,2.032396513939524,kitchen,2.337142367358607,0,0,26,19,2,1,4,0,0,1,0.28,0.55,direct
427,S7_distractors,4.75,8,6,1,1.3050775159585613,kitchen,3.639630552144783,0,0,42,19,16,1,6,0,0,1,0.28,0.55,cautious
428,S7_distractors,5.25,8,5,1,1.26787094697219,kitchen,4.140799986416248,0,0,48,21,21,1,5,0,0,0,0.28,0.55,direct
429,S7_distractors,6.0,8,6,1,1.2474531433556442,kitchen,4.8097998966598645,0,0,53,24,22,1,6,0,2,0,0.28,0.55,direct
430,S7_distractors,6.25,6,3,2,1.6033375763299,kitchen,3.8981185823053455,1,1,53,25,22,2,3,1,2,0,0.28,0.55,cautious
431,S7_distractors,3.0,11,1,1,1.3585104989510164,kitchen,2.208300931289432,1,0,23,12,8,1,1,1,0,0,0.28,0.55,direct
432,S7_distractors,6.75,7,2,2,1.6511638916900635,kitchen,4.088025443126047,1,1,56,27,24,2,2,1,0,1,0.28,0.55,detour
433,S7_distractors,6.5,7,2,3,1.4889574067452505,kitchen,4.365470745203192,1,1,53,26,21,3,2,1,1,0,0.28,0.55,detour
434,S7_distractors,5.0,7,6,1,1.257527319439622,kitchen,3.976056760522781,0,0,46,20,19,1,6,0,1,0,0.28,0.55,detour
435,S7_distractors,8.5,7,6,1,1.6267334164380567,kitchen,5.225195421762375,0,0,65,34,24,1,6,0,3,0,0.28,0.55,detour
436,S7_distractors,5.25,6,1,1,1.5546881062347715,kitchen,3.3768831053289112,1,1,46,21,20,1,1,3,0,0,0.28,0.55,detour
437,S7_distractors,5.75,7,4,1,1.40920964666724,kitchen,4.080301333161226,0,0,56,23,28,1,4,0,0,0,0.28,0.55,detour
438,S7_distractors,5.0,5,5,1,1.2307211831459,kitchen,4.062658600885769,0,0,50,20,24,1,5,0,1,0,0.28,0.55,detour
439,S7_distractors,7.75,12,2,2,1.6772596378730005,kitchen,4.620632265275329,1,0,59,31,23,2,2,1,1,0,0.28,0.55,direct
440,S7_distractors,5.25,9,2,1,1.387288654472448,kitchen,3.784360221699101,1,1,47,21,21,1,2,2,0,0,0.28,0.55,cautious
441,S7_distractors,4.25,9,2,1,2.0469096264803426,kitchen,2.076300753594025,1,0,37,17,16,1,2,1,0,0,0.28,0.55,cautious
442,S7_distractors,2.5,3,5,1,1.1417351350829552,kitchen,2.1896497034913067,0,0,23,10,7,1,5,0,0,0,0.28,0.55,detour
443,S7_distractors,6.75,5,1,1,1.7555541460449504,kitchen,3.844939795908276,1,1,51,27,21,1,1,1,2,0,0.28,0.55,cautious
444,S7_distractors,3.5,10,1,1,1.3526594477424003,kitchen,2.5874953269587024,1,1,33,14,16,1,1,1,0,0,0.28,0.55,detour
445,S7_distractors,7.5,6,1,1,1.7900431906971492,kitchen,4.1898430378537705,1,1,57,30,22,1,1,3,1,0,0.28,0.55,direct
446,S7_distractors,5.5,9,5,1,1.34681698168792,kitchen,4.083702592691575,0,0,55,22,27,1,5,0,2,0,0.28,0.55,direct
447,S7_distractors,8.5,7,6,1,1.835282369049252,kitchen,4.631439904478204,0,0,70,34,29,1,6,0,0,0,0.28,0.55,cautious
448,S7_distractors,5.0,9,3,1,1.8953530886421712,kitchen,2.6380308924824103,0,0,30,20,6,1,3,0,0,0,0.28,0.55,detour
449,S7_distractors,6.5,5,6,1,1.2458799821678734,kitchen,5.217195952285692,0,0,60,26,27,1,6,0,0,1,0.28,0.55,cautious
450,S7_distractors,4.25,4,1,1,2.0278524698307603,kitchen,2.0958132128589684,1,0,38,17,16,1,1,3,0,0,0.28,0.55,cautious
451,S7_distractors,5.0,8,4,0,1.549549147256667,kitchen,3.2267450237716155,0,0,45,20,21,0,4,0,1,0,0.28,0.55,detour
452,S7_distractors,5.5,14,1,1,1.7262378174972248,kitchen,3.1861195162403178,1,0,41,22,16,1,1,1,0,1,0.28,0.55,direct
453,S7_distractors,6.0,2,3,0,1.853443274881681,kitchen,3.2372180369982053,1,1,44,24,16,0,3,1,0,0,0.28,0.55,cautious
454,S7_distractors,6.5,9,1,1,1.5329965896010636,kitchen,4.240061617939747,1,0,47,26,15,1,1,4,5,0,0.28,0.55,direct
455,S7_distractors,6.75,10,1,1,1.919778275164273,kitchen,3.516031037189652,1,1,51,27,21,1,1,1,0,0,0.28,0.55,detour
456,S7_distractors,5.5,5,3,2,1.3961052222670467,kitchen,3.939531141548843,1,1,47,22,19,2,3,1,1,0,0.28,0.55,detour
457,S7_distractors,6.0,12,1,0,1.897799450824104,kitchen,3.161556400174186,1,0,43,24,16,0,1,2,0,0,0.28,0.55,detour
458,S7_distractors,9.25,9,6,1,1.4174642657050869,kitchen,6.525737702035677,0,0,76,37,32,1,6,0,4,0,0.28,0.55,detour
459,S7_distractors,5.0,7,4,1,1.3692931333240692,kitchen,3.6515190782138074,1,1,44,20,18,1,4,1,0,0,0.28,0.55,detour
460,S7_distractors,5.5,6,2,1,1.9971383679778576,kitchen,2.7539403819920896,1,1,39,22,13,1,2,1,1,0,0.28,0.55,direct
461,S7_distractors,8.25,9,6,0,1.643237258823536,kitchen,5.02057749463795,0,0,68,33,29,0,6,0,0,0,0.28,0.55,detour
462,S7_distractors,8.0,4,3,1,1.6395387888168689,kitchen,4.879421002154512,1,0,65,32,28,1,3,1,2,0,0.28,0.55,direct
463,S7_distractors,7.25,5,1,1,1.9059356315971376,kitchen,3.803906008055811,0,0,53,29,22,1,1,0,3,0,0.28,0.55,direct
464,S7_distractors,5.0,3,2,0,2.191275486561576,kitchen,2.2817760845970643,1,1,39,20,16,0,2,1,0,0,0.28,0.55,detour
465,S7_distractors,4.75,12,5,1,1.044147856754703,kitchen,4.549164152635806,0,0,51,19,26,1,5,0,2,0,0.28,0.55,detour
466,S7_distractors,8.0,8,4,2,1.5334326017948257,kitchen,5.217053550730758,1,0,70,32,28,2,4,4,1,0,0.28,0.55,direct
467,S7_distractors,3.0,5,5,1,1.1159439039609709,kitchen,2.6883071714910525,0,0,33,12,15,1,5,0,0,0,0.28,0.55,detour
468,S7_distractors,6.0,6,1,2,1.947242464477447,kitchen,3.081280379539244,1,1,44,24,16,2,1,1,1,0,0.28,0.55,cautious
469,S7_distractors,6.25,12,4,2,1.5097513821192314,kitchen,4.1397544483297,0,0,54,25,23,2,4,0,0,1,0.28,0.55,detour
470,S7_distractors,5.5,6,4,1,1.5337482944267646,kitchen,3.5859860578072325,0,0,46,22,19,1,4,0,0,0,0.28,0.55,cautious
471,S7_distractors,3.25,11,2,1,1.1872064932359871,kitchen,2.7375187202197866,1,1,31,13,14,1,2,1,1,1,0.28,0.55,detour
472,S7_distractors,6.5,9,1,2,1.3400721674100535,kitchen,4.850485039594917,1,1,59,26,27,2,1,3,1,0,0.28,0.55,direct
473,S7_distractors,7.5,10,6,2,1.6004866019562027,kitchen,4.68607484175943,0,0,64,30,26,2,6,0,0,0,0.28,0.55,direct
474,S7_distractors,4.5,9,1,2,1.4580630650581918,kitchen,3.086286257323447,1,1,40,18,18,2,1,1,1,0,0.28,0.55,direct
475,S7_distractors,3.5,4,2,1,0.2166512942957962,kitchen,16.154992340924647,1,1,31,14,13,1,2,1,3,0,0.28,0.55,direct
476,S7_distractors,4.25,6,4,2,1.352509115891169,kitchen,3.1423078410822187,0,0,38,17,15,2,4,0,0,0,0.28,0.55,detour
477,S7_distractors,3.5,9,3,1,1.2000444987610217,kitchen,2.916558513966401,0,0,27,14,9,1,3,0,1,0,0.28,0.55,direct
478,S7_distractors,6.0,10,6,0,1.438333429257011,kitchen,4.171494507430989,0,0,45,24,15,0,6,0,0,0,0.28,0.55,detour
479,S7_distractors,5.5,11,1,1,1.8096421777427147,kitchen,3.039274873036232,1,0,40,22,14,1,1,2,1,0,0.28,0.55,lost
480,S7_distractors,3.25,8,1,0,1.3476131048052071,kitchen,2.411671412522941,1,1,30,13,15,0,1,1,0,1,0.28,0.55,cautious
481,S7_distractors,5.25,11,3,1,1.4540471892832116,kitchen,3.610611841688608,1,0,47,21,20,1,3,2,0,0,0.28,0.55,detour
482,S7_distractors,7.0,8,3,1,1.4172651894052644,kitchen,4.939089771151052,1,0,63,28,30,1,3,1,2,0,0.28,0.55,lost
483,S7_distractors,3.0,4,6,1,1.218911300929296,kitchen,2.461212721313524,0,0,26,12,7,1,6,0,0,0,0.28,0.55,lost
484,S7_distractors,8.25,7,4,2,1.8036203164686309,kitchen,4.574133438545954,0,0,63,33,24,2,4,0,0,0,0.28,0.55,direct
485,S7_distractors,6.75,6,1,1,2.222576946170724,kitchen,3.0370152140872197,1,1,47,27,17,1,1,1,0,0,0.28,0.55,direct
486,S7_distractors,4.0,7,6,1,1.3341313442560294,kitchen,2.998205549417308,0,0,35,16,12,1,6,0,0,1,0.28,0.55,detour
487,S7_distractors,5.5,12,5,1,1.2572488269650348,kitchen,4.374631244060775,0,0,43,22,15,1,5,0,2,0,0.28,0.55,direct
488,S7_distractors,7.25,10,1,1,0.5423933775114914,kitchen,13.366682375922624,1,0,55,29,21,1,1,3,4,0,0.28,0.55,detour
489,S7_distractors,7.25,7,3,1,1.857350962590688,kitchen,3.903408750432114,1,0,48,29,13,1,3,2,2,0,0.28,0.55,direct
490,S7_distractors,3.25,3,2,1,1.375996715041366,kitchen,2.3619242433309857,1,0,31,13,14,1,2,1,0,0,0.28,0.55,cautious
491,S8_clutter,12.0,8,6,2,3.494775673908506,kitchen,3.4336967862029826,0,0,73,48,17,2,6,0,0,0,0.65,0.12,detour
492,S8_clutter,7.25,13,5,2,0.5636689638853903,kitchen,12.862159289426707,0,0,58,29,22,2,5,0,9,0,0.65,0.12,cautious
493,S8_clutter,6.25,12,1,1,0.8866583195689711,kitchen,7.048938539299215,0,0,43,25,16,1,1,0,5,0,0.65,0.12,detour
494,S8_clutter,9.5,10,3,2,1.8870188166256292,kitchen,5.034396009356133,0,0,68,38,25,2,3,0,0,1,0.65,0.12,detour
495,S8_clutter,5.5,4,5,1,0.6712447052812568,kitchen,8.193733159795215,0,0,56,22,28,1,5,0,7,0,0.65,0.12,detour
496,S8_clutter,7.0,12,4,1,0.9376377827609694,kitchen,7.465569464775396,0,0,65,28,32,1,4,0,2,0,0.65,0.12,detour
497,S8_clutter,5.75,3,1,2,0.8090200851763099,kitchen,7.107363717362965,1,1,59,23,31,2,1,2,4,1,0.65,0.12,lost
498,S8_clutter,8.5,4,3,1,2.0857563229976903,kitchen,4.075260329444252,1,1,82,34,42,1,3,2,3,0,0.65,0.12,detour
499,S8_clutter,9.0,4,3,1,1.5163315094954322,kitchen,5.935377550120818,1,1,69,36,28,1,3,1,2,0,0.65,0.12,detour
500,S8_clutter,6.25,13,6,0,1.0719269566671172,kitchen,5.830621164181538,0,0,44,25,13,0,6,0,2,0,0.65,0.12,lost
501,S8_clutter,8.0,7,4,1,0.8876075328770108,kitchen,9.012992458580792,0,0,67,32,30,1,4,0,6,1,0.65,0.12,lost
502,S8_clutter,6.0,11,6,1,1.4269930856918334,kitchen,4.2046454605567245,0,0,61,24,30,1,6,0,0,0,0.65,0.12,cautious
503,S8_clutter,8.5,7,6,2,1.7041620867779204,kitchen,4.987788465633015,0,0,57,34,15,2,6,0,1,0,0.65,0.12,direct
504,S8_clutter,5.5,13,6,2,0.9894338096059307,kitchen,5.558734648647722,0,0,57,22,27,2,6,0,0,0,0.65,0.12,detour
505,S8_clutter,4.75,8,1,3,1.0753139731504797,kitchen,4.417314494745511,1,1,58,19,34,3,1,1,0,1,0.65,0.12,cautious
506,S8_clutter,7.0,6,2,2,2.3171328655634147,kitchen,3.0209748021065415,1,1,59,28,25,2,2,2,1,0,0.65,0.12,detour
507,S8_clutter,5.75,11,4,2,1.7299961447015737,kitchen,3.3237068288333567,0,0,61,23,32,2,4,0,0,0,0.65,0.12,cautious
508,S8_clutter,8.25,5,2,2,1.5017341757172122,kitchen,5.493648698552051,1,1,75,33,37,2,2,1,2,0,0.65,0.12,direct
509,S8_clutter,4.5,8,1,1,0.35349005532212746,kitchen,12.730202539642175,1,0,48,18,24,1,1,4,0,0,0.65,0.12,direct
510,S8_clutter,7.75,14,5,0,1.259165378283389,kitchen,6.154870625942336,0,0,52,31,16,0,5,0,2,0,0.65,0.12,direct
511,S8_clutter,7.0,8,1,0,1.598447358269911,kitchen,4.379249628574876,1,0,60,28,29,0,1,2,1,0,0.65,0.12,detour
512,S8_clutter,8.0,10,6,1,1.861152120625825,kitchen,4.298412747320163,0,0,58,32,19,1,6,0,0,0,0.65,0.12,detour
513,S8_clutter,8.0,13,5,1,2.540886918732533,kitchen,3.1485069016729907,0,0,62,32,24,1,5,0,1,0,0.65,0.12,detour
514,S8_clutter,10.5,10,3,2,1.7620211479086747,kitchen,5.9590658219183945,1,0,87,42,38,2,3,2,0,1,0.65,0.12,detour
515,S8_clutter,10.0,7,2,0,1.4049194225319912,kitchen,7.117845934521766,1,0,62,40,19,0,2,1,4,0,0.65,0.12,detour
516,S8_clutter,6.75,7,3,2,1.1881843778787338,kitchen,5.680936499140629,0,0,64,27,32,2,3,0,2,1,0.65,0.12,direct
517,S8_clutter,8.5,14,3,1,0.7489094501575096,kitchen,11.349836750240355,0,0,70,34,32,1,3,0,7,0,0.65,0.12,detour
518,S8_clutter,5.5,2,2,0,1.2195472525603523,kitchen,4.509870354308243,1,1,45,22,20,0,2,1,2,0,0.65,0.12,direct
519,S8_clutter,5.5,13,2,1,0.6550703971327783,kitchen,8.396044187118394,1,0,67,22,41,1,2,1,3,0,0.65,0.12,lost
520,S8_clutter,8.75,8,4,2,1.7862977272950324,kitchen,4.898399559210105,1,1,74,35,31,2,4,2,1,0,0.65,0.12,direct
521,S8_clutter,4.5,10,2,1,0.7617777594810661,kitchen,5.907234680972393,1,0,44,18,21,1,2,2,4,0,0.65,0.12,lost
522,S8_clutter,6.25,5,2,1,1.4296800179724078,kitchen,4.371607577522023,1,0,61,25,30,1,2,3,0,1,0.65,0.12,cautious
523,S8_clutter,6.75,10,1,1,1.241270918183919,kitchen,5.437974821705968,1,0,52,27,21,1,1,2,3,0,0.65,0.12,detour
524,S8_clutter,6.75,16,6,0,1.3829541590343744,kitchen,4.880855924185571,0,0,58,27,25,0,6,0,1,0,0.65,0.12,lost
525,S8_clutter,7.0,4,3,0,1.1783480007311666,kitchen,5.940520114309601,1,1,69,28,37,0,3,1,1,0,0.65,0.12,detour
526,S8_clutter,7.75,10,1,1,1.0578466520133596,kitchen,7.326203647050088,1,0,60,31,26,1,1,1,4,0,0.65,0.12,direct
527,S8_clutter,11.5,9,2,2,2.1558699877981655,kitchen,5.33427343257614,1,1,101,46,50,2,2,1,0,0,0.65,0.12,direct
528,S8_clutter,7.5,11,5,1,0.8575188929239185,kitchen,8.746162984732537,0,0,58,30,22,1,5,0,6,0,0.65,0.12,detour
529,S8_clutter,6.5,10,2,1,1.5130452526958076,kitchen,4.295971973355646,1,1,50,26,20,1,2,1,0,0,0.65,0.12,detour
530,S8_clutter,10.5,5,1,2,5.833333333333333,kitchen,1.8,1,1,58,42,9,2,1,4,0,0,0.65,0.12,direct
531,S8_clutter,6.25,13,3,1,0.9384119974888836,kitchen,6.660187653956371,1,0,71,25,38,1,3,4,0,0,0.65,0.12,cautious
532,S8_clutter,5.5,7,2,1,0.904817737706377,kitchen,6.078572259140226,1,1,64,22,37,1,2,2,2,0,0.65,0.12,direct
533,S8_clutter,7.5,13,4,1,1.5329753474811556,kitchen,4.892446582603766,0,0,68,30,33,1,4,0,0,0,0.65,0.12,detour
534,S8_clutter,6.5,12,3,0,2.113477356092441,kitchen,3.075500185162948,1,1,48,26,18,0,3,1,0,0,0.65,0.12,direct
535,S8_clutter,10.5,16,1,0,2.163175046528566,kitchen,4.853976111110498,1,0,73,42,27,0,1,3,1,0,0.65,0.12,cautious
536,S8_clutter,5.75,13,3,1,0.7009104560207915,kitchen,8.20361566960193,0,0,58,23,31,1,3,0,4,0,0.65,0.12,lost
537,S8_clutter,8.5,11,5,3,1.4394690922870823,kitchen,5.904954851441015,0,0,61,34,19,3,5,0,1,0,0.65,0.12,lost
538,S8_clutter,7.0,17,3,2,1.0103175839577225,kitchen,6.928514470250891,1,0,77,28,41,2,3,3,0,0,0.65,0.12,detour
539,S8_clutter,5.5,12,2,2,2.3695805165289805,kitchen,2.3210859313008423,0,0,35,22,9,2,2,0,0,0,0.65,0.12,detour
540,S8_clutter,6.25,4,2,3,1.6004461047907539,kitchen,3.9051611805554303,1,1,53,25,21,3,2,2,3,0,0.65,0.12,detour
541,S8_clutter,8.5,4,6,2,2.330774425260039,kitchen,3.6468565588674133,0,0,65,34,23,2,6,0,0,0,0.65,0.12,detour
542,S8_clutter,5.75,4,3,0,1.9338351285586417,kitchen,2.973366196055031,1,0,50,23,21,0,3,3,1,0,0.65,0.12,cautious
543,S8_clutter,7.0,13,3,1,1.4290274680392947,kitchen,4.89843628380663,0,0,52,28,20,1,3,0,1,0,0.65,0.12,direct
544,S8_clutter,6.75,10,2,2,2.2461480119343307,kitchen,3.0051447919440784,1,0,51,27,17,2,2,3,0,0,0.65,0.12,lost
545,S8_clutter,9.0,8,3,1,1.587227416027452,kitchen,5.670264959589344,1,0,60,36,19,1,3,1,2,0,0.65,0.12,cautious
546,S8_clutter,7.0,12,5,0,1.1684884852866226,kitchen,5.990645255081779,0,0,72,28,39,0,5,0,1,0,0.65,0.12,detour
547,S8_clutter,7.25,13,2,2,1.4640980629697316,kitchen,4.95185410278757,1,1,61,29,27,2,2,1,1,1,0.65,0.12,detour
548,S8_clutter,11.5,9,1,1,1.950856407841559,kitchen,5.89484697785814,1,1,86,46,36,1,1,2,1,0,0.65,0.12,cautious
549,S8_clutter,8.75,13,5,2,1.3399270515043626,kitchen,6.5302062453147744,0,0,77,35,35,2,5,0,0,0,0.65,0.12,direct
550,S8_clutter,5.5,5,3,1,1.4084854787439687,kitchen,3.9049035882888057,1,0,46,22,19,1,3,1,1,0,0.65,0.12,detour
551,S8_clutter,8.5,13,5,2,1.2857593400661382,kitchen,6.610879450864241,0,0,73,34,32,2,5,0,2,0,0.65,0.12,detour
552,S8_clutter,13.0,11,2,2,2.247474807595828,kitchen,5.784269508189229,1,0,83,52,25,2,2,2,1,0,0.65,0.12,cautious
553,S8_clutter,6.25,16,2,2,0.8582872861155764,kitchen,7.281944054287645,1,0,39,25,9,2,2,1,4,0,0.65,0.12,detour
554,S8_clutter,10.25,12,6,1,0.8890973350117992,kitchen,11.528546534068704,0,0,64,41,16,1,6,0,8,0,0.65,0.12,direct
555,S8_clutter,9.0,17,1,1,1.3404108501544427,kitchen,6.714359257061382,1,1,65,36,25,1,1,2,3,0,0.65,0.12,direct
556,S8_clutter,4.75,10,4,1,1.3262294625618922,kitchen,3.5815823234874995,1,0,44,19,19,1,4,1,0,0,0.65,0.12,detour
557,S8_clutter,8.25,9,4,2,1.7002188211739222,kitchen,4.852316594345049,0,0,61,33,22,2,4,0,2,0,0.65,0.12,direct
558,S8_clutter,6.5,8,2,1,1.162384345147065,kitchen,5.591954182054662,1,0,69,26,37,1,2,3,2,0,0.65,0.12,detour
559,S8_clutter,5.0,11,1,1,1.1366530356291389,kitchen,4.3988797313443095,1,0,63,20,39,1,1,2,1,0,0.65,0.12,direct
560,S8_clutter,6.75,7,1,1,2.3777036009771546,kitchen,2.838873607806281,1,0,47,27,17,1,1,1,0,0,0.65,0.12,detour
561,S8_clutter,6.0,10,2,1,3.1938488827792115,kitchen,1.8786111116124387,1,0,48,24,20,1,2,1,0,0,0.65,0.12,lost
562,S8_clutter,5.25,7,2,2,0.7249410708819324,kitchen,7.241967948667985,1,1,63,21,37,2,2,1,3,0,0.65,0.12,direct
563,S8_clutter,8.25,12,4,3,1.8593846254452702,kitchen,4.4369518211028325,0,0,65,33,25,3,4,0,1,0,0.65,0.12,detour
564,S8_clutter,13.25,11,1,1,2.0785078186508206,kitchen,6.374765531842311,1,0,92,53,36,1,1,1,1,0,0.65,0.12,detour
565,S8_clutter,8.5,16,5,3,2.2236317401626087,kitchen,3.8225754051245984,0,0,62,34,20,3,5,0,0,0,0.65,0.12,direct
566,S8_clutter,10.0,7,2,1,1.4811868593053388,kitchen,6.751342639300686,0,0,65,40,22,1,2,0,3,0,0.65,0.12,cautious
567,S8_clutter,7.0,9,2,1,2.5110392767882677,kitchen,2.787690365780863,1,0,47,28,15,1,2,1,0,0,0.65,0.12,direct
568,S8_clutter,6.5,2,1,0,1.6460357412051552,kitchen,3.9488814472770715,1,1,60,26,32,0,1,1,1,0,0.65,0.12,direct
569,S8_clutter,4.5,9,5,3,0.6074198419642899,kitchen,7.408384924416997,0,0,50,18,24,3,5,0,3,0,0.65,0.12,detour
570,S8_clutter,8.5,13,6,2,1.364929893208978,kitchen,6.227426069493084,0,0,59,34,17,2,6,0,2,0,0.65,0.12,cautious
571,S8_clutter,4.25,10,3,2,0.6910565310443375,kitchen,6.150003377549042,1,0,60,17,36,2,3,2,1,0,0.65,0.12,detour
572,S8_clutter,8.0,14,3,1,1.0578065743342324,kitchen,7.5628193226489255,0,0,57,32,21,1,3,0,3,0,0.65,0.12,detour
573,S8_clutter,8.75,11,6,0,1.3734068520878822,kitchen,6.371018163116097,0,0,68,35,27,0,6,0,1,1,0.65,0.12,detour
574,S8_clutter,3.75,5,3,0,1.1960511151497786,kitchen,3.1353175065017154,0,0,35,15,17,0,3,0,0,0,0.65,0.12,cautious
575,S8_clutter,5.5,10,3,1,1.1424880376783753,kitchen,4.8140547809817145,1,0,54,22,27,1,3,1,0,0,0.65,0.12,direct
576,S8_clutter,5.25,8,3,1,1.1914409351801,kitchen,4.406429093529845,1,0,51,21,22,1,3,4,1,1,0.65,0.12,direct
577,S8_clutter,8.5,8,2,1,3.454116518976714,kitchen,2.4608318663546807,1,0,64,34,26,1,2,1,0,0,0.65,0.12,detour
578,S8_clutter,6.0,11,3,2,2.008750309698946,kitchen,2.98693171123853,1,0,37,24,5,2,3,3,0,0,0.65,0.12,detour
579,S8_clutter,10.75,11,6,2,1.4854560219301813,kitchen,7.236834912171682,0,0,67,43,16,2,6,0,4,0,0.65,0.12,cautious
580,S8_clutter,6.5,5,4,0,0.4252385655768672,kitchen,15.285537404591409,0,0,75,26,45,0,4,0,0,0,0.65,0.12,detour
581,S8_clutter,6.75,15,1,3,2.361463359782955,kitchen,2.858397091801755,1,1,57,27,25,3,1,1,0,0,0.65,0.12,direct
582,S8_clutter,4.75,11,6,2,0.6504799099012059,kitchen,7.302300851568844,0,0,56,19,29,2,6,0,2,1,0.65,0.12,detour
583,S8_clutter,9.0,12,4,0,2.2150306696698494,kitchen,4.063149157813445,0,0,62,36,22,0,4,0,2,0,0.65,0.12,lost
584,S8_clutter,7.0,16,2,2,0.7962083899847233,kitchen,8.79166822160001,1,1,65,28,32,2,2,1,4,0,0.65,0.12,direct
585,S8_clutter,6.25,9,3,3,1.2554841684118199,kitchen,4.978159149474751,1,1,67,25,35,3,3,1,0,0,0.65,0.12,detour
586,S8_clutter,5.25,8,2,1,1.2195603293420931,kitchen,4.30483008809591,1,0,48,21,20,1,2,4,4,0,0.65,0.12,detour
587,S8_clutter,9.25,7,1,1,2.481949873864105,kitchen,3.7269084671717545,1,1,62,37,22,1,1,1,1,0,0.65,0.12,direct
588,S8_clutter,4.75,5,4,1,0.7474213380981457,kitchen,6.355183827219375,0,0,56,19,32,1,4,0,4,0,0.65,0.12,cautious
589,S8_clutter,14.25,8,2,2,2.398456660130732,kitchen,5.94132061540911,1,0,82,57,20,2,2,1,3,0,0.65,0.12,detour
590,S8_clutter,9.0,6,6,0,1.703276359942597,kitchen,5.283934076501428,0,0,63,36,21,0,6,0,1,0,0.65,0.12,direct
591,S9_hard,5.75,11,2,1,1.2210885847463906,kitchen,4.708913072997259,1,1,56,23,29,1,2,1,1,0,0.75,0.6,cautious
592,S9_hard,8.25,11,1,0,0.862418763466059,kitchen,9.566118398031218,0,0,52,33,18,0,1,0,5,0,0.75,0.6,cautious
593,S9_hard,9.25,7,5,1,0.7731442182481574,kitchen,11.964132669787375,0,0,63,37,20,1,5,0,5,1,0.75,0.6,cautious
594,S9_hard,8.75,9,3,2,3.6052668386374207,kitchen,2.427004821453656,0,0,63,35,23,2,3,0,1,0,0.75,0.6,cautious
595,S9_hard,6.75,15,5,1,0.18777471788694405,kitchen,35.94733133383835,0,0,56,27,23,1,5,0,4,0,0.75,0.6,detour
596,S9_hard,8.25,11,3,1,0.5083419413415042,kitchen,16.229233374347224,1,0,59,33,20,1,3,2,2,0,0.75,0.6,cautious
597,S9_hard,7.0,10,2,1,0.6141388486820755,kitchen,11.398073929082651,1,1,58,28,26,1,2,1,4,0,0.75,0.6,lost
598,S9_hard,8.75,21,6,1,0.4719718821892771,kitchen,18.53924000601999,0,0,74,35,32,1,6,0,4,0,0.75,0.6,detour
599,S9_hard,8.75,8,6,2,4.861111111111111,kitchen,1.8,0,0,76,35,33,2,6,0,1,0,0.75,0.6,direct
600,S9_hard,7.5,17,1,0,1.2020179477772048,kitchen,6.239507499758341,1,0,65,30,33,0,1,1,1,0,0.75,0.6,direct
601,S9_hard,6.75,9,4,1,3.75,kitchen,1.8,1,0,61,27,27,1,4,2,2,0,0.75,0.6,cautious
602,S9_hard,13.75,14,5,1,1.491489814684478,kitchen,9.218970095956564,0,0,98,55,37,1,5,0,0,0,0.75,0.6,direct
603,S9_hard,8.0,16,6,0,0.9003007715553079,kitchen,8.885919298035988,0,0,83,32,45,0,6,0,3,0,0.75,0.6,detour
604,S9_hard,5.25,10,3,1,0.5688567352460251,kitchen,9.229037250880795,1,0,44,21,18,1,3,1,1,0,0.75,0.6,cautious
605,S9_hard,8.5,10,5,1,0.43335400614885283,kitchen,19.614448878731107,1,1,66,34,25,1,5,1,2,0,0.75,0.6,detour
606,S9_hard,3.5,16,5,3,0.23842500465510544,kitchen,14.679668372295673,0,0,44,14,22,3,5,0,5,0,0.75,0.6,detour
607,S9_hard,8.25,10,6,1,4.583333333333333,kitchen,1.8,0,0,56,33,16,1,6,0,0,0,0.75,0.6,cautious
608,S9_hard,7.75,16,4,2,0.44474265615889763,kitchen,17.425807695025952,0,0,54,31,17,2,4,0,5,0,0.75,0.6,direct
609,S9_hard,4.5,14,6,0,0.5327351593427523,kitchen,8.446973925189685,0,0,50,18,26,0,6,0,4,0,0.75,0.6,lost
610,S9_hard,7.75,16,6,1,0.8077134762977755,kitchen,9.59498662263603,0,0,77,31,39,1,6,0,1,0,0.75,0.6,direct
611,S9_hard,6.5,17,5,1,0.602373664334511,kitchen,10.790644387119837,0,0,49,26,17,1,5,0,5,1,0.75,0.6,detour
612,S9_hard,7.0,7,6,1,2.708808885870008,kitchen,2.5841616352169337,0,0,54,28,19,1,6,0,2,0,0.75,0.6,direct
613,S9_hard,7.75,8,2,2,2.427367492046583,kitchen,3.1927592444874318,1,0,60,31,23,2,2,2,2,1,0.75,0.6,cautious
614,S9_hard,2.5,26,6,1,0.22196455913868612,kitchen,11.263059335693182,0,0,45,10,28,1,6,0,2,0,0.75,0.6,detour
615,S9_hard,5.0,21,2,1,0.4635781021958327,kitchen,10.78566907348832,0,0,54,20,31,1,2,0,3,0,0.75,0.6,detour
616,S9_hard,4.5,7,5,1,2.5,kitchen,1.8,0,0,58,18,34,1,5,0,0,0,0.75,0.6,detour
617,S9_hard,10.5,15,4,1,0.8458762910619749,kitchen,12.413162670415472,0,0,69,42,22,1,4,0,3,0,0.75,0.6,detour
618,S9_hard,3.5,10,2,3,0.4848845059447529,kitchen,7.218213733558204,1,1,42,14,21,3,2,2,1,0,0.75,0.6,lost
619,S9_hard,5.5,14,5,0,3.0555555555555554,kitchen,1.8,0,0,50,22,23,0,5,0,0,0,0.75,0.6,cautious
620,S9_hard,4.25,8,6,3,2.361111111111111,kitchen,1.8,0,0,47,17,21,3,6,0,4,0,0.75,0.6,detour
621,S9_hard,5.5,8,2,1,3.0555555555555554,kitchen,1.8,1,0,47,22,18,1,2,4,1,0,0.75,0.6,cautious
622,S9_hard,5.0,11,6,0,0.27162220295578,kitchen,18.407920801724735,0,0,76,20,50,0,6,0,5,0,0.75,0.6,direct
623,S9_hard,7.75,7,5,1,0.5570422200023964,kitchen,13.912769484450672,0,0,71,31,34,1,5,0,5,0,0.75,0.6,detour
624,S9_hard,8.5,15,5,0,0.7610693725089316,kitchen,11.168495681253088,0,0,55,34,16,0,5,0,3,0,0.75,0.6,detour
625,S9_hard,8.0,10,2,2,1.5546135753845662,kitchen,5.14597333168214,1,1,66,32,29,2,2,1,3,0,0.75,0.6,direct
626,S9_hard,8.25,19,6,1,0.5117830192106725,kitchen,16.120112802343556,0,0,57,33,17,1,6,0,5,0,0.75,0.6,detour
627,S9_hard,8.5,6,4,2,2.4984699700304667,kitchen,3.4020821150379286,0,0,60,34,20,2,4,0,1,0,0.75,0.6,detour
628,S9_hard,7.0,13,4,1,2.6005314755474567,kitchen,2.691757460280837,0,0,51,28,18,1,4,0,0,0,0.75,0.6,detour
629,S9_hard,5.0,5,3,3,2.7777777777777777,kitchen,1.8,1,0,50,20,20,3,3,4,2,0,0.75,0.6,direct
630,S9_hard,8.5,6,3,1,3.464711095622498,kitchen,2.453307004655989,0,0,55,34,17,1,3,0,1,0,0.75,0.6,direct
631,S9_hard,9.5,8,3,3,2.949826454129187,kitchen,3.220528443868905,1,1,70,38,25,3,3,1,2,0,0.75,0.6,cautious
632,S9_hard,10.25,8,2,2,1.61168555662475,kitchen,6.3598013631554275,1,1,87,41,41,2,2,1,1,0,0.75,0.6,direct
633,S9_hard,5.25,24,1,3,0.46728877044068073,kitchen,11.235022821218113,0,0,47,21,22,3,1,0,2,0,0.75,0.6,direct
634,S9_hard,9.25,9,6,1,4.503469789346118,kitchen,2.0539718112204888,0,0,74,37,30,1,6,0,0,0,0.75,0.6,direct
635,S9_hard,5.25,6,3,0,2.9166666666666665,kitchen,1.8,1,0,48,21,21,0,3,3,0,0,0.75,0.6,cautious
636,S9_hard,12.25,25,6,1,2.591520397895342,kitchen,4.7269548832988635,0,0,85,49,29,1,6,0,0,1,0.75,0.6,lost
637,S9_hard,3.75,16,6,0,0.44296429442916174,kitchen,8.465693617208,0,0,55,15,34,0,6,0,1,0,0.75,0.6,cautious
638,S9_hard,8.75,7,6,2,4.861111111111111,kitchen,1.8,0,0,55,35,12,2,6,0,2,0,0.75,0.6,detour
639,S9_hard,11.0,15,1,2,1.2641367097944018,kitchen,8.70159051214408,1,1,76,44,27,2,1,2,2,0,0.75,0.6,direct
640,S9_hard,9.75,18,3,1,0.6003857860687901,kitchen,16.239558341047864,0,0,61,39,18,1,3,0,5,0,0.75,0.6,direct
641,S9_hard,4.5,12,3,2,2.5,kitchen,1.8,0,0,47,18,24,2,3,0,1,0,0.75,0.6,direct
642,S9_hard,10.5,5,4,2,1.209454758819487,kitchen,8.681597987384611,0,0,71,42,23,2,4,0,2,0,0.75,0.6,lost
643,S9_hard,10.0,9,6,1,2.685369718833782,kitchen,3.7238820151524084,0,0,79,40,32,1,6,0,1,1,0.75,0.6,direct
644,S9_hard,9.75,8,3,1,1.515811396012501,kitchen,6.432198640047426,0,0,80,39,37,1,3,0,1,0,0.75,0.6,lost
645,S9_hard,7.75,6,1,0,4.305555555555555,kitchen,1.8,1,0,54,31,20,0,1,2,1,0,0.75,0.6,detour
646,S9_hard,10.25,7,1,1,5.694444444444445,kitchen,1.8,1,1,57,41,13,1,1,1,1,1,0.75,0.6,cautious
647,S9_hard,7.5,15,6,2,1.3451326538860302,kitchen,5.575658265623709,0,0,66,30,28,2,6,0,1,0,0.75,0.6,direct
648,S9_hard,9.5,10,4,2,5.277777777777778,kitchen,1.8,0,0,55,38,11,2,4,0,0,0,0.75,0.6,direct
649,S9_hard,10.5,11,6,2,2.2362413891224313,kitchen,4.695378616581512,0,0,72,42,22,2,6,0,1,0,0.75,0.6,detour
650,S9_hard,8.0,6,4,0,0.8638109869159637,kitchen,9.261285305668709,0,0,82,32,46,0,4,0,2,0,0.75,0.6,direct
651,S9_hard,12.0,15,5,2,0.7793684663763202,kitchen,15.39708176261492,0,0,88,48,33,2,5,0,4,0,0.75,0.6,detour
652,S9_hard,9.5,12,6,2,4.260931743782403,kitchen,2.2295593009351773,0,0,63,38,17,2,6,0,0,0,0.75,0.6,cautious
653,S9_hard,6.0,7,2,3,3.333333333333333,kitchen,1.8,1,0,55,24,25,3,2,1,4,0,0.75,0.6,detour
654,S9_hard,10.0,12,5,1,1.5262841793168815,kitchen,6.551859827621155,0,0,64,40,18,1,5,0,3,0,0.75,0.6,cautious
655,S9_hard,9.75,20,6,1,1.0838298892388418,kitchen,8.99587665629639,0,0,82,39,36,1,6,0,1,0,0.75,0.6,direct
656,S9_hard,7.25,12,6,3,1.2310460219426482,kitchen,5.889300538544579,0,0,65,29,27,3,6,0,1,0,0.75,0.6,cautious
657,S9_hard,5.5,13,4,2,1.1576530693264673,kitchen,4.750991593016678,1,0,47,22,18,2,4,1,2,0,0.75,0.6,direct
658,S9_hard,8.5,7,2,0,4.722222222222222,kitchen,1.8,1,0,57,34,20,0,2,1,0,0,0.75,0.6,detour
659,S9_hard,4.75,5,5,1,2.638888888888889,kitchen,1.8,0,0,46,19,21,1,5,0,2,0,0.75,0.6,cautious
660,S9_hard,8.0,7,5,0,3.0722789419247922,kitchen,2.6039302261362947,0,0,69,32,32,0,5,0,1,0,0.75,0.6,cautious
661,S9_hard,8.0,5,2,2,1.5591745408653979,kitchen,5.130920105685995,1,1,58,32,20,2,2,2,3,0,0.75,0.6,detour
662,S9_hard,11.75,8,4,1,6.527777777777778,kitchen,1.8,0,0,69,47,17,1,4,0,4,0,0.75,0.6,detour
663,S9_hard,9.25,12,4,0,0.5956285547377468,kitchen,15.529812878216934,0,0,66,37,25,0,4,0,6,0,0.75,0.6,detour
664,S9_hard,15.5,11,4,2,2.8664781613436396,kitchen,5.407332317764631,0,0,99,62,31,2,4,0,2,0,0.75,0.6,detour
665,S9_hard,12.25,3,6,3,4.855082942890903,kitchen,2.523128882470931,0,0,80,49,22,3,6,0,2,0,0.75,0.6,detour
666,S9_hard,7.75,10,2,2,0.7829814864451164,kitchen,9.898062896974054,1,1,61,31,24,2,2,2,3,0,0.75,0.6,cautious
667,S9_hard,7.0,12,2,3,3.888888888888889,kitchen,1.8,1,0,63,28,27,3,2,3,0,0,0.75,0.6,direct
668,S9_hard,12.0,16,5,0,1.1866529487025355,kitchen,10.112476451620147,0,0,63,48,10,0,5,0,3,0,0.75,0.6,cautious
669,S9_hard,8.5,9,5,3,0.49953176217279477,kitchen,17.01593500887284,0,0,73,34,31,3,5,0,6,0,0.75,0.6,detour
670,S9_hard,8.0,12,6,0,2.452923539020515,kitchen,3.26141433792694,0,0,65,32,27,0,6,0,3,0,0.75,0.6,direct
671,S9_hard,9.75,10,6,1,2.1949177284930856,kitchen,4.442079934674287,0,0,64,39,18,1,6,0,4,0,0.75,0.6,direct
672,S9_hard,9.5,9,4,2,1.2142422376152524,kitchen,7.823809537920383,0,0,61,38,17,2,4,0,1,0,0.75,0.6,direct
673,S9_hard,11.0,10,5,2,2.3788143896127525,kitchen,4.6241522869679175,0,0,87,44,36,2,5,0,0,0,0.75,0.6,direct
674,S9_hard,5.25,11,4,1,1.1120927377331828,kitchen,4.720829317437372,0,0,59,21,33,1,4,0,0,0,0.75,0.6,direct
675,S9_hard,8.0,17,3,1,3.4514021811331754,kitchen,2.317898517805715,0,0,65,32,29,1,3,0,1,1,0.75,0.6,direct
676,S9_hard,7.75,10,2,1,1.4424801017927589,kitchen,5.372691096652259,1,0,48,31,13,1,2,1,2,0,0.75,0.6,direct
677,S9_hard,4.75,22,5,3,0.9427531075923055,kitchen,5.038434730945636,0,0,38,19,11,3,5,0,0,0,0.75,0.6,direct
678,S9_hard,10.75,11,6,3,1.9654694811290088,kitchen,5.469431147730141,0,0,83,43,31,3,6,0,2,0,0.75,0.6,lost
679,S9_hard,4.5,12,5,1,0.14691255951462337,kitchen,30.63046491645991,0,0,39,18,15,1,5,0,5,0,0.75,0.6,cautious
680,S9_hard,4.5,12,3,1,0.3298995369385171,kitchen,13.640516266740498,0,0,54,18,32,1,3,0,3,0,0.75,0.6,direct
681,S9_hard,7.25,8,3,0,0.28740871525599304,kitchen,25.22540067562834,0,0,74,29,42,0,3,0,2,0,0.75,0.6,direct
682,S9_hard,7.5,11,6,0,4.166666666666667,kitchen,1.8,0,0,66,30,30,0,6,0,1,0,0.75,0.6,detour
683,S9_hard,8.25,7,1,1,4.583333333333333,kitchen,1.8,1,0,51,33,13,1,1,3,2,0,0.75,0.6,cautious
684,S9_hard,8.25,13,4,0,1.0274078812417202,kitchen,8.029916988790362,0,0,69,33,32,0,4,0,2,0,0.75,0.6,detour
685,S9_hard,7.0,11,3,2,0.7645641298176991,kitchen,9.155543305005773,0,0,41,28,8,2,3,0,3,0,0.75,0.6,detour
686,S9_hard,11.25,9,2,3,4.896163305817785,kitchen,2.297717477403659,1,1,74,45,23,3,2,1,2,0,0.75,0.6,direct
687,S9_hard,6.5,15,4,1,0.5868670190657084,kitchen,11.075762973267764,1,0,54,26,20,1,4,3,3,0,0.75,0.6,direct
688,S9_hard,10.25,6,4,0,1.1872673289051956,kitchen,8.63327049473495,0,0,66,41,21,0,4,0,0,0,0.75,0.6,direct
689,S9_hard,6.0,14,5,3,0.6206405958874665,kitchen,9.667430779999945,0,0,57,24,25,3,5,0,1,0,0.75,0.6,cautious
690,S9_hard,7.75,8,4,2,2.812218779021845,kitchen,2.755831110229493,0,0,70,31,33,2,4,0,0,0,0.75,0.6,direct
691,S9_hard,11.5,11,4,1,1.975990770828242,kitchen,5.819865239137601,0,0,68,46,17,1,4,0,2,0,0.75,0.6,detour
692,S9_hard,11.25,17,6,0,2.0935399329402764,kitchen,5.373673471897866,0,0,69,45,18,0,6,0,1,0,0.75,0.6,direct
693,S9_hard,10.25,15,3,2,3.584180678358906,kitchen,2.8597888666408364,0,0,67,41,21,2,3,0,2,0,0.75,0.6,cautious
694,S9_hard,12.75,10,2,2,4.201494061225683,kitchen,3.0346347785341155,1,1,94,51,38,2,2,1,2,0,0.75,0.6,lost
695,S9_hard,7.5,8,5,1,4.166666666666667,kitchen,1.8,0,0,60,30,24,1,5,0,0,0,0.75,0.6,detour
696,S9_hard,5.25,4,3,2,1.2639546749965878,kitchen,4.1536299551359885,1,0,41,21,13,2,3,2,3,0,0.75,0.6,cautious
697,S9_hard,9.5,11,6,0,5.277777777777778,kitchen,1.8,0,0,72,38,28,0,6,0,0,0,0.75,0.6,detour
698,S9_hard,6.75,14,2,1,1.7613169456728377,kitchen,3.832359653714365,0,0,57,27,27,1,2,0,0,0,0.75,0.6,direct
699,S9_hard,7.75,10,5,1,2.7319695028833184,kitchen,2.8367813007504865,0,0,71,31,34,1,5,0,0,1,0.75,0.6,direct
700,S9_hard,5.75,16,6,1,0.8873633164394903,kitchen,6.479871202104279,0,0,37,23,7,1,6,0,4,0,0.75,0.6,lost
701,S9_hard,4.0,11,5,1,0.24974145162948108,kitchen,16.016564226328114,0,0,58,16,36,1,5,0,5,0,0.75,0.6,cautious
702,S9_hard,12.5,10,3,2,1.7070789144688667,kitchen,7.322450001609443,0,0,77,50,22,2,3,0,1,0,0.75,0.6,direct
703,S9_hard,11.0,16,3,1,2.470597977242058,kitchen,4.452363395957832,1,1,68,44,19,1,3,1,1,0,0.75,0.6,lost
704,S9_hard,11.0,16,6,1,0.6935113589167446,kitchen,15.86131194329946,0,0,76,44,25,1,6,0,6,1,0.75,0.6,detour
705,S9_hard,6.25,15,2,0,3.4722222222222223,kitchen,1.8,1,1,44,25,16,0,2,1,0,0,0.75,0.6,direct
706,S9_hard,10.0,10,3,2,5.555555555555555,kitchen,1.8,1,1,71,40,25,2,3,1,1,0,0.75,0.6,direct
707,S9_hard,5.0,13,4,1,0.6143855936268938,kitchen,8.138211657085854,0,0,54,20,29,1,4,0,2,0,0.75,0.6,direct
708,S9_hard,6.0,11,5,0,1.7113050113758714,kitchen,3.506096201504174,0,0,53,24,24,0,5,0,4,0,0.75,0.6,detour
709,S9_hard,6.0,3,3,1,0.3339878929828236,kitchen,17.964723051528605,1,0,51,24,19,1,3,4,5,0,0.75,0.6,lost
710,S9_hard,8.0,15,1,3,0.8787698381214595,kitchen,9.103635164699721,1,1,66,32,29,3,1,1,2,0,0.75,0.6,lost
711,S9_hard,10.0,15,5,1,1.6361791741810716,kitchen,6.111800075321901,0,0,72,40,26,1,5,0,1,0,0.75,0.6,detour
712,S9_hard,7.0,10,2,2,0.7933745196056264,kitchen,8.823071357874698,1,0,54,28,21,2,2,1,3,0,0.75,0.6,cautious
713,S9_hard,7.75,10,2,2,0.8900711161691633,kitchen,8.707169415131393,1,1,80,31,44,2,2,1,2,0,0.75,0.6,direct
714,S9_hard,7.5,11,3,1,1.8362923300149236,kitchen,4.084317010646691,0,0,54,30,20,1,3,0,2,0,0.75,0.6,cautious
715,S9_hard,7.25,9,2,1,0.7187719534333875,kitchen,10.086648436084111,1,1,64,29,30,1,2,2,4,0,0.75,0.6,cautious
716,S9_hard,5.0,10,5,2,0.5041897970493141,kitchen,9.916900399932047,0,0,56,20,29,2,5,0,2,0,0.75,0.6,direct
717,S9_hard,2.75,18,3,1,0.7638154588880156,kitchen,3.6003460888360763,0,0,39,11,24,1,3,0,1,0,0.75,0.6,cautious
718,S9_hard,10.25,11,5,2,2.0405403248172815,kitchen,5.023179338990925,0,0,74,41,26,2,5,0,0,0,0.75,0.6,lost
719,S9_hard,5.25,12,5,1,0.7508523450971054,kitchen,6.992053809622228,0,0,42,21,15,1,5,0,3,0,0.75,0.6,lost
720,S9_hard,10.25,20,4,1,0.9351011576659127,kitchen,10.961380932930101,0,0,68,41,22,1,4,0,2,0,0.75,0.6,direct
721,S9_hard,11.25,16,5,2,1.661362612185642,kitchen,6.7715500020792065,0,0,89,45,37,2,5,0,1,0,0.75,0.6,direct
722,S9_hard,5.25,5,1,1,0.8510889763101295,kitchen,6.168567736314969,1,0,45,21,21,1,1,1,4,0,0.75,0.6,direct
723,S9_hard,5.5,21,6,1,0.5332959816581186,kitchen,10.313222280241929,0,0,52,22,23,1,6,0,3,0,0.75,0.6,lost
724,S9_hard,6.5,7,3,3,3.611111111111111,kitchen,1.8,1,0,58,26,22,3,3,4,1,0,0.75,0.6,direct
725,S9_hard,6.0,13,3,3,0.34828033012616916,kitchen,17.227501759362696,1,0,51,24,20,3,3,1,6,0,0.75,0.6,lost
726,S9_hard,8.5,12,5,0,0.7379120265822123,kitchen,11.518988299146521,0,0,70,34,31,0,5,0,3,0,0.75,0.6,cautious
727,S9_hard,3.5,13,3,3,0.15158296132128768,kitchen,23.08966634173068,0,0,61,14,41,3,3,0,7,0,0.75,0.6,detour
728,S9_hard,10.25,15,1,1,2.3581704689241048,kitchen,4.346589924296896,1,1,68,41,24,1,1,1,1,0,0.75,0.6,direct
729,S9_hard,8.5,5,5,0,2.1328778057235285,kitchen,3.985225959588705,0,0,64,34,25,0,5,0,1,0,0.75,0.6,detour
730,S9_hard,6.25,14,4,1,0.46143170779947607,kitchen,13.54479957566344,0,0,52,25,22,1,4,0,2,0,0.75,0.6,detour
731,S9_hard,7.25,5,2,0,1.6786414647713812,kitchen,4.318968732842184,1,0,65,29,32,0,2,2,2,0,0.75,0.6,lost
732,S9_hard,7.75,9,6,0,0.893137991691402,kitchen,8.67727055852058,0,0,57,31,20,0,6,0,3,0,0.75,0.6,detour
733,S9_hard,10.5,9,6,1,1.6985768936297252,kitchen,6.18164537583125,0,0,72,42,23,1,6,0,3,0,0.75,0.6,direct
734,S9_hard,7.25,14,1,1,1.5900465122256375,kitchen,4.559615045381251,1,1,55,29,23,1,1,1,2,0,0.75,0.6,detour
735,S9_hard,7.5,14,5,2,1.24755760529016,kitchen,6.011746446173627,0,0,54,30,17,2,5,0,0,0,0.75,0.6,direct
736,S9_hard,9.75,8,6,0,5.416666666666667,kitchen,1.8,0,0,86,39,41,0,6,0,0,0,0.75,0.6,cautious
737,S9_hard,12.0,7,1,1,5.567074627524651,kitchen,2.15553065171244,1,1,90,48,38,1,1,2,0,0,0.75,0.6,cautious
738,S9_hard,6.25,22,5,1,0.9932382147045153,kitchen,6.292548864382299,0,0,52,25,21,1,5,0,1,0,0.75,0.6,direct
739,S9_hard,10.25,14,5,3,0.43954158348140715,kitchen,23.31975036085199,0,0,76,41,27,3,5,0,2,0,0.75,0.6,lost
740,S9_hard,9.25,24,5,0,0.6015931839130747,kitchen,15.375839100824235,0,0,68,37,26,0,5,0,3,0,0.75,0.6,detour
741,S10_fixeddoors,3.5,9,4,2,0.98574540756362,kitchen,3.5506125345799395,0,0,31,14,11,2,4,0,2,1,0.18,0.08,detour
742,S10_fixeddoors,5.0,4,5,1,1.412159726410044,kitchen,3.540675963554683,1,0,40,20,11,1,5,3,1,0,0.18,0.08,detour
743,S10_fixeddoors,2.75,5,1,1,1.3703403217993098,kitchen,2.0068007605505938,1,1,24,11,10,1,1,1,0,0,0.18,0.08,direct
744,S10_fixeddoors,3.75,6,1,1,1.472250104928939,kitchen,2.5471215708835024,1,1,36,15,18,1,1,1,1,0,0.18,0.08,direct
745,S10_fixeddoors,4.5,4,3,1,1.5881479055405656,kitchen,2.833489238817661,1,1,36,18,13,1,3,1,1,0,0.18,0.08,cautious
746,S10_fixeddoors,3.25,5,1,1,1.773257814630343,kitchen,1.832784817405416,1,1,30,13,13,1,1,2,0,0,0.18,0.08,direct
747,S10_fixeddoors,3.75,9,4,2,1.5270999168346324,kitchen,2.455634997199782,1,0,30,15,8,2,4,1,0,1,0.18,0.08,lost
748,S10_fixeddoors,5.0,6,1,1,1.4733221174753697,kitchen,3.3936909930924104,1,1,41,20,18,1,1,1,0,0,0.18,0.08,direct
749,S10_fixeddoors,4.75,6,6,1,1.2194827977610594,kitchen,3.895093894494357,0,0,45,19,19,1,6,0,0,0,0.18,0.08,cautious
750,S10_fixeddoors,4.5,4,2,1,2.1891541020365843,kitchen,2.055588501427844,0,0,31,18,10,1,2,0,0,0,0.18,0.08,detour
751,S10_fixeddoors,6.25,7,3,2,1.527031206226935,kitchen,4.092909152421851,1,0,53,25,21,2,3,2,0,0,0.18,0.08,detour
752,S10_fixeddoors,3.75,2,3,1,1.4897018298009823,kitchen,2.517282267486362,1,1,31,15,10,1,3,2,1,0,0.18,0.08,direct
753,S10_fixeddoors,5.0,9,3,1,1.7055485682053668,kitchen,2.931608101469172,1,1,32,20,7,1,3,1,2,0,0.18,0.08,detour
754,S10_fixeddoors,2.25,5,2,1,1.8163425466160052,kitchen,1.2387531218667611,1,1,15,9,2,1,2,1,0,0,0.18,0.08,cautious
755,S10_fixeddoors,3.5,7,4,1,1.335338640229324,kitchen,2.621057980767282,1,1,27,14,6,1,4,2,0,1,0.18,0.08,direct
756,S10_fixeddoors,5.0,6,1,1,1.6910677941368086,kitchen,2.956711739964398,1,1,39,20,16,1,1,1,1,0,0.18,0.08,cautious
757,S10_fixeddoors,5.0,7,5,1,1.3808692911199838,kitchen,3.620907519744061,1,0,48,20,19,1,5,3,0,0,0.18,0.08,detour
758,S10_fixeddoors,5.5,7,2,1,1.6327091582550737,kitchen,3.368634255642945,1,1,39,22,13,1,2,1,0,1,0.18,0.08,direct
759,S10_fixeddoors,8.0,6,3,1,1.7574192720611246,kitchen,4.552129436146159,1,1,66,32,29,1,3,1,0,0,0.18,0.08,cautious
760,S10_fixeddoors,3.75,2,1,0,1.4213422621355012,kitchen,2.63835115573486,1,0,31,15,13,0,1,2,1,0,0.18,0.08,detour
761,S10_fixeddoors,3.25,5,1,1,1.4786140992816652,kitchen,2.198004199729262,1,0,25,13,8,1,1,2,2,0,0.18,0.08,lost
762,S10_fixeddoors,6.25,8,2,0,1.5179259107007146,kitchen,4.117460513678718,1,1,48,25,20,0,2,1,1,1,0.18,0.08,detour
763,S10_fixeddoors,3.75,5,1,1,1.8966579053241337,kitchen,1.977162033002011,1,1,28,15,10,1,1,1,0,0,0.18,0.08,detour
764,S10_fixeddoors,4.75,8,6,2,1.354581555203078,kitchen,3.506617952794937,0,0,44,19,17,2,6,0,0,0,0.18,0.08,detour
765,S10_fixeddoors,4.25,5,2,1,1.803450947838161,kitchen,2.356593066805934,1,1,35,17,14,1,2,1,1,0,0.18,0.08,direct
766,S10_fixeddoors,4.5,6,2,1,1.5094063144297047,kitchen,2.981304607633249,1,0,40,18,16,1,2,3,0,0,0.18,0.08,direct
767,S10_fixeddoors,4.0,6,1,1,0.2561619782021807,kitchen,15.615119886538835,1,0,40,16,21,1,1,1,2,1,0.18,0.08,cautious
768,S10_fixeddoors,5.5,3,6,1,1.44305867766826,kitchen,3.8113488280927528,0,0,42,22,13,1,6,0,1,0,0.18,0.08,cautious
769,S10_fixeddoors,6.0,5,1,1,1.515777714679352,kitchen,3.9583640410422856,1,1,53,24,24,1,1,3,0,0,0.18,0.08,cautious
770,S10_fixeddoors,6.25,9,5,1,1.2458766199467752,kitchen,5.01654810752208,0,0,59,25,28,1,5,0,1,0,0.18,0.08,direct
771,S10_fixeddoors,5.0,12,3,1,1.4787825893352624,kitchen,3.381159634999208,1,1,36,20,11,1,3,1,3,0,0.18,0.08,direct
772,S10_fixeddoors,4.0,5,1,1,1.733077658892048,kitchen,2.3080327528757074,1,1,27,16,7,1,1,2,0,0,0.18,0.08,detour
773,S10_fixeddoors,5.0,9,2,1,1.7687514649242282,kitchen,2.826852782402753,1,1,38,20,14,1,2,1,0,0,0.18,0.08,direct
774,S10_fixeddoors,5.5,4,1,0,2.157331769687504,kitchen,2.5494456055763237,1,1,43,22,19,0,1,1,2,0,0.18,0.08,direct
775,S10_fixeddoors,6.0,11,2,1,1.520620040339738,kitchen,3.945758862062265,1,0,52,24,23,1,2,2,2,0,0.18,0.08,direct
776,S10_fixeddoors,6.75,5,2,1,1.8986856476182297,kitchen,3.5550908642867816,1,1,48,27,17,1,2,1,1,0,0.18,0.08,detour
777,S10_fixeddoors,5.5,3,3,1,1.5963211642738435,kitchen,3.445421963381608,1,1,44,22,16,1,3,2,0,0,0.18,0.08,direct
778,S10_fixeddoors,4.25,0,6,1,1.5425676334093816,kitchen,2.7551466191512484,0,0,36,17,12,1,6,0,0,0,0.18,0.08,cautious
779,S10_fixeddoors,4.0,7,3,2,1.3989087954287327,kitchen,2.859371542355693,1,1,36,16,14,2,3,1,0,0,0.18,0.08,cautious
780,S10_fixeddoors,3.75,10,1,1,1.299669396134757,kitchen,2.8853491596805894,1,1,32,15,14,1,1,1,1,0,0.18,0.08,cautious
781,S10_fixeddoors,5.5,3,5,1,1.3976417572118272,kitchen,3.9352001123463984,0,0,47,22,19,1,5,0,1,0,0.18,0.08,direct
782,S10_fixeddoors,8.0,8,2,2,1.6827871300630235,kitchen,4.75401781786885,1,0,64,32,25,2,2,3,1,0,0.18,0.08,direct
783,S10_fixeddoors,8.0,7,2,2,1.843794675690641,kitchen,4.338877916004066,1,1,62,32,25,2,2,1,2,0,0.18,0.08,detour
784,S10_fixeddoors,6.25,1,6,2,1.3498901887084236,kitchen,4.630006242196639,0,0,56,25,23,2,6,0,0,0,0.18,0.08,detour
785,S10_fixeddoors,4.5,5,2,1,1.686011603042343,kitchen,2.6690207777217685,1,1,31,18,9,1,2,1,2,0,0.18,0.08,direct
786,S10_fixeddoors,4.25,10,1,1,1.6990308693537963,kitchen,2.501426005059243,1,0,36,17,14,1,1,3,1,0,0.18,0.08,cautious
787,S10_fixeddoors,5.5,8,6,1,1.5344388793995882,kitchen,3.5843721596471143,0,0,45,22,16,1,6,0,0,0,0.18,0.08,detour
788,S10_fixeddoors,6.75,11,1,2,1.7571585749817762,kitchen,3.841429052622644,1,1,51,27,20,2,1,1,0,0,0.18,0.08,cautious
789,S10_fixeddoors,4.75,8,5,2,1.727726692279582,kitchen,2.749277429830523,0,0,39,19,13,2,5,0,0,0,0.18,0.08,direct
790,S10_fixeddoors,5.5,12,1,1,1.568653830255773,kitchen,3.5061910371284477,1,1,48,22,21,1,1,3,0,0,0.18,0.08,direct
791,S10_fixeddoors,6.5,5,1,1,1.7528112375369185,kitchen,3.708328575719264,1,1,47,26,18,1,1,1,4,0,0.18,0.08,direct
792,S10_fixeddoors,4.25,7,1,2,1.585686430910669,kitchen,2.680227261299827,1,1,41,17,19,2,1,2,1,0,0.18,0.08,direct
793,S10_fixeddoors,4.75,9,1,1,1.6048679856967338,kitchen,2.959745002289297,1,0,32,19,10,1,1,1,1,0,0.18,0.08,detour
794,S10_fixeddoors,5.0,8,3,1,1.5149710039638802,kitchen,3.3003932002115133,1,1,42,20,17,1,3,1,1,0,0.18,0.08,direct
795,S10_fixeddoors,3.5,4,2,2,1.750537365555853,kitchen,1.9993860564573755,1,1,33,14,14,2,2,1,0,0,0.18,0.08,direct
796,S10_fixeddoors,3.75,3,1,1,2.468020616724577,kitchen,1.519436253728219,1,0,23,15,4,1,1,2,0,0,0.18,0.08,cautious
797,S10_fixeddoors,3.25,3,2,1,1.5013158753662326,kitchen,2.1647676237402016,1,1,30,13,13,1,2,1,0,0,0.18,0.08,direct
798,S10_fixeddoors,4.0,3,1,1,1.9155037931360748,kitchen,2.0882234816414407,1,0,32,16,13,1,1,1,2,0,0.18,0.08,direct
799,S10_fixeddoors,4.5,5,3,1,1.9213785707769424,kitchen,2.342068381755891,1,0,36,18,13,1,3,1,0,0,0.18,0.08,direct
800,S10_fixeddoors,4.0,6,1,1,2.168160639869732,kitchen,1.844881752045978,1,1,30,16,11,1,1,1,0,0,0.18,0.08,direct
801,S10_fixeddoors,4.5,6,6,1,1.373255046865,kitchen,3.276885827052329,0,0,40,18,15,1,6,0,0,0,0.18,0.08,detour
802,S10_fixeddoors,5.25,6,2,1,1.757855224802739,kitchen,2.986594075509909,1,1,42,21,17,1,2,1,0,0,0.18,0.08,cautious
803,S10_fixeddoors,4.75,4,5,1,1.3959078230993784,kitchen,3.4028034812882018,1,0,39,19,12,1,5,2,0,0,0.18,0.08,cautious
804,S10_fixeddoors,6.75,13,4,1,1.593555193677565,kitchen,4.235811866937929,0,0,56,27,24,1,4,0,0,0,0.18,0.08,direct
805,S10_fixeddoors,5.0,14,1,1,1.6194784262692163,kitchen,3.087413774025056,1,1,38,20,15,1,1,1,0,0,0.18,0.08,direct
806,S10_fixeddoors,1.75,3,1,2,0.8623415351654786,kitchen,2.0293583558678807,1,1,20,7,9,2,1,1,1,0,0.18,0.08,direct
807,S10_fixeddoors,8.5,8,5,2,1.513827962457174,kitchen,5.61490487083037,0,0,74,34,33,2,5,0,1,1,0.18,0.08,detour
808,S10_fixeddoors,3.0,6,1,1,2.2714533882000074,kitchen,1.3207402870711438,1,0,21,12,6,1,1,1,1,0,0.18,0.08,direct
809,S10_fixeddoors,5.0,2,2,1,2.0901648444530743,kitchen,2.3921558212353973,1,1,39,20,15,1,2,1,1,0,0.18,0.08,cautious
810,S10_fixeddoors,9.75,13,3,1,1.642975292532544,kitchen,5.934355826478061,1,1,76,39,32,1,3,1,1,1,0.18,0.08,lost
